passenger_token,age_band,gender,source_record_count,record_conflict,identity_contact_conflict,passenger_id_normalization_collision,age_conflict,gender_conflict,age_unresolved,gender_unresolved
0020e9ac60e57d1a19ecf2d61643f6607cfb2539f5aaa201e033f5ae21d425b7,60–120,MALE,1,0,0,0,0,0,0,0
0027d219fbef688633c3e47829c58580593801071a183da7e3aa31501cd1877c,0–17,FEMALE,1,0,0,0,0,0,0,0
00641668e13c5cea251c3de3f02b90dd52eae48107e3d2a1f893ca4ae99c86c1,0–17,MALE,1,0,0,0,0,0,0,0
00fc716b177e33f53286b7447e6a35b14c08494c4c5ca1b17770d500bf9ec951,0–17,MALE,1,0,0,0,0,0,0,0
012d0d3fc7439983a36908b8423c48da145bcedd7a4f3ab2f05188c219b4ca47,60–120,MALE,1,0,0,0,0,0,0,0
0130917badb0a36ec53468a723114ad4193440b9602a6e9e094083847c17de6e,60–120,FEMALE,1,0,0,0,0,0,0,0
013dda053522ef133bc994de7646c96a8c3f36494653799d5876ef00b31d1d47,45–59,FEMALE,1,0,0,0,0,0,0,0
0164aeddc4e75fac4e57c74cd7a41359fdc350e0ade60be7d657ca383683395f,18–29,MALE,1,0,0,0,0,0,0,0
01c1cecdec1ba14eac9183a08203e36396ebe03422bb80b150b3aed4598fd252,60–120,MALE,1,0,0,0,0,0,0,0
020d5f8d7d5c8127540fe902d398cda61532bd4ba89e18fe1a2e8f58279af2bd,0–17,MALE,1,0,0,0,0,0,0,0
023877d4aa39d3d0c3f7f025e748b4c85ac167eea673d48452f1aa4e7eeccb80,0–17,MALE,1,0,0,0,0,0,0,0
026c6920eff48cc8f026d7123189c926af8efbeec9865ead8b6df56df1195d0f,30–44,FEMALE,1,0,0,0,0,0,0,0
026e088b0bcf1d08572084641b5807994c4280d47c5f02d98fd713db59fe90a3,18–29,FEMALE,1,0,0,0,0,0,0,0
02cce0a8df12fe9fdb172f3c12827671fc6e51df30603b145b63b2193f6b1f84,18–29,MALE,1,0,0,0,0,0,0,0
0306e3b2f0999d3add62ce1737c6fd3160245e92614bdbb30989e9214555e0db,60–120,MALE,1,0,0,0,0,0,0,0
031c5134c2d4f5f69ac66e3018fbaa129ba0650edbc7455342013cf67d99d973,0–17,FEMALE,1,0,0,0,0,0,0,0
036be855182559e9c8d0866c8bd2691a883c27a95d806d62fdb3c97d9777a8c2,45–59,MALE,1,0,0,0,0,0,0,0
03a9b7896a0e70bb1b3f979860e7c56140c6045a23c8a90cbe877444409701a4,30–44,MALE,1,0,0,0,0,0,0,0
03d339d80b80775541d663a0ed9249753f0e243f583232a25865c231e4790033,60–120,MALE,1,0,0,0,0,0,0,0
043a93c40635a44dc90f942de3f4757d4bce8a79f37fcb8f73fdb7a9474a357b,60–120,MALE,1,0,0,0,0,0,0,0
04881ef91182c1d1ed1f872ad071637f79279b737959d430ef357f54fc10260e,60–120,MALE,1,0,0,0,0,0,0,0
0509168be3071f3e8b641e69e6385c059a39b90d6edec83b744eafd59a4a29e2,30–44,MALE,1,0,0,0,0,0,0,0
05108a7e1a4af816fbaa3e9ec778692a5ab97c4bb2c7aced12d46c8d54a96b61,60–120,FEMALE,1,0,0,0,0,0,0,0
0515aab7946f8d05a1e3c1216cd038aa855c5e24bd59b1e186a41df3357128fd,60–120,FEMALE,1,0,0,0,0,0,0,0
056b6be05fa27425e29cdbadf337d195deac661a93e2d720e34e09f9fb9dc6a0,0–17,MALE,1,0,0,0,0,0,0,0
05fe7a95ca0ea0648cca4c87cff940073bd8b2cab431fdddd0c8bf3763d3e067,0–17,MALE,1,0,0,0,0,0,0,0
060e2cb97e961211609637478fc870d03e3e0e55bfc835278b9872094a86cf48,60–120,FEMALE,1,0,0,0,0,0,0,0
06591d75141c0ebb6f1dbfff8323fe24babc3448bd766ea140f39790938804ec,30–44,FEMALE,1,0,0,0,0,0,0,0
069c4fa40f0c2ab1529a26aa5d1158416d521449aa2b132286547ebefce73c31,45–59,MALE,1,0,0,0,0,0,0,0
06a62678da2e25cd6b5fadfcf747eef2af6d80e5bbe4dabba9587a8b455a98ad,0–17,FEMALE,1,0,0,0,0,0,0,0
06a62d430796adb2f0652df0450589b33764a6fa14971c095082bb981e98b672,45–59,FEMALE,1,0,0,0,0,0,0,0
0760ee1e1d54c8366925036a566dd9658183d6400d17adde3e15e5b7c1cf700b,0–17,MALE,1,0,0,0,0,0,0,0
0772b26cc4bff49b4d652e5c511dfd7d5a65af6449ae0a6ee56e6d8b78704c00,30–44,FEMALE,1,0,0,0,0,0,0,0
0773d86d336c9eb63ec4ba9fb0647d5a080057b229368fa9b4c8ad82f46ab6ff,60–120,MALE,1,0,0,0,0,0,0,0
0787dc82347c0df7292362f1254b68d9e2c4be19abea80be777ce910b83abd77,30–44,FEMALE,1,0,0,0,0,0,0,0
07cf7ce1503e5e60fa2eca3df11159a37529272e85341a38f65baefe4653d0f4,18–29,FEMALE,1,0,0,0,0,0,0,0
081feac1ae5d1923979a283dbc1f74ed743b2703853588f2fbb5290bffb9463c,30–44,FEMALE,1,0,0,0,0,0,0,0
082a2c9622e4e852364c76d451574a05189174182263e0d8eb73c172a3444aee,45–59,MALE,1,0,0,0,0,0,0,0
08325fbdd93eb64ee1369c89ce1a7bc9f764822399c92f1de593534806fa9cdb,30–44,FEMALE,1,0,0,0,0,0,0,0
086009c17297d287c95add310b628795952ed8c98373d242844758c1acc1b10a,0–17,MALE,1,0,0,0,0,0,0,0
0873b9d1fb8fd26760271c26c8f697e811fb8295b251b3be4fb9a66654d23b5f,45–59,FEMALE,1,0,0,0,0,0,0,0
08acf45b46f72fc1f9f89c2316da413828f37be8c1ef473681b60c5450ad4772,45–59,MALE,1,0,0,0,0,0,0,0
08b12626da2fea85329e915b8ebecf9b3adf27a77af1b6710263dc52a92ad3bc,45–59,FEMALE,1,0,0,0,0,0,0,0
09277760437a2b232a7e06482d453ebab0cb58c83f2ffa9af5de644e47b4f781,45–59,FEMALE,1,0,0,0,0,0,0,0
093cad3566e3b817f2de2e0daa77db3038c96e3684048d6cc43e5f56c3d51400,45–59,FEMALE,1,0,0,0,0,0,0,0
094dfd1ab11fb67506d00d245d94229f8aa306f710528226cb192066909dfc71,45–59,MALE,1,0,0,0,0,0,0,0
09a443f52bf80d23096d38f1ad655f9c170df815d52243487cf96d74a998050f,0–17,FEMALE,1,0,0,0,0,0,0,0
09a4cc7a1a2cee1c7ce231301acb8e0a89195ea10adfc8e0e5d79a0d263ffcb2,60–120,MALE,1,0,0,0,0,0,0,0
09f08206ca9bfaf4337b635c1ba42c62c817e1595248c7a2a092362bb1b7b445,30–44,FEMALE,1,0,0,0,0,0,0,0
0a1b185f688e77fe0cb642aad0566ee232e6beb1886b06e6672e84a7e2e004b1,60–120,FEMALE,1,0,0,0,0,0,0,0
0a81810bd96f5aa2441f46845af83fa2ec828d703104513af1a73e3da70f024e,60–120,FEMALE,1,0,0,0,0,0,0,0
0af1c08af3e711dd703529c62f572ee25e36006db32b82938d487f5ef5b45723,0–17,MALE,1,0,0,0,0,0,0,0
0b77d8cd219ba8d670c3dc516826d20955ee2b962a2150cb7c9eea827ed03d98,0–17,FEMALE,1,0,0,0,0,0,0,0
0be37dc95ccca299d7dd0da3fd00bc555ee77daa6081124d0765bae4bd837446,18–29,MALE,1,0,0,0,0,0,0,0
0c66c8ac421f3f5079c2b04998ae221692cf3c17db5960c6eb5413ba0f80156b,60–120,MALE,1,0,0,0,0,0,0,0
0c960b35215ea435096e8bd1b62e31b418e9662298acd34c3f350f75038374e8,18–29,FEMALE,1,0,0,0,0,0,0,0
0c9a7f55e715a546ec880a265df8934dc44735ad6a3163272de2caf98a3c44a1,60–120,FEMALE,1,0,0,0,0,0,0,0
0ca07aefd2939afd362a63d698ad9ea806b07e39c48a384acf8ac6120f00b5bf,0–17,MALE,1,0,0,0,0,0,0,0
0cce8d7c6924f30a13faef286d3567f41053cb0f3d8c065908b2029bb901cbd6,0–17,MALE,1,0,0,0,0,0,0,0
0d145d173864549bd2995d6d6182d100d727c8b822a6d4fedb74391de2cd591e,60–120,MALE,1,0,0,0,0,0,0,0
0d2db63b6070ae9488935e5d732f6fd41b6c9f0047bb8c26f7c89f5499342ebd,0–17,FEMALE,1,0,0,0,0,0,0,0
0d815d9eeeef6ff9a18b5a3475e616540467f5b92741298e41055e8fe3b8ac0e,0–17,MALE,1,0,0,0,0,0,0,0
0d8c89e27d71321680a0c4b096db5195c9e8c9429c19247e52c8431292c5d2a8,60–120,MALE,1,0,0,0,0,0,0,0
0e126d907ea1a895b47126d8fd05a654ac9d39a68917b8683e95edb991bfd352,0–17,MALE,1,0,0,0,0,0,0,0
0e63acdedb2197322ca63bc7df020f77f463860415ccbc21b5d7e5047bcfbf83,30–44,FEMALE,1,0,0,0,0,0,0,0
0e6871d4747e333a038d368e25d3366406ef7970821e9733a01c4db69f56844b,45–59,FEMALE,1,0,0,0,0,0,0,0
0e7c7ac8f85b02e337b915c96c444462d018cc392d7aae419dd4c4f7894ee7ea,60–120,FEMALE,1,0,0,0,0,0,0,0
0e90b4ed6bb26b323dcf75113c3d6de75c12309bfa0bde539d447a0c7e917553,60–120,FEMALE,1,0,0,0,0,0,0,0
0eafdb2090f69d192fa960b73baf2fd8c516086354cb472c3b40c2cd10dfc36d,45–59,MALE,1,0,0,0,0,0,0,0
0f4ff91d6abf18e97c33f8bee2c84dc76750264833fa9a912d12709f8b522426,60–120,FEMALE,1,0,0,0,0,0,0,0
0f511e2681f8ff21d5e23217d9eef815fcaf975812b29a9e099c8e075b148b98,60–120,FEMALE,1,0,0,0,0,0,0,0
0f5ffc550b23d8b840e70152816e7799406ac2adcbaf6f07a782237afb4c7947,60–120,MALE,1,0,0,0,0,0,0,0
0f7d2395f344708d4447b11a730602a31a3f0caca63b587b1480e18218bdea33,60–120,MALE,1,0,0,0,0,0,0,0
0fc0d8cdc8a99044c18a183fb643320d255dc6ff4e29b9c280af335243316765,0–17,FEMALE,1,0,0,0,0,0,0,0
10387dbd0fde85fc85fbb8850cbf39b5453f8627193cdb05141a4e74db3a3482,45–59,MALE,1,0,0,0,0,0,0,0
10b4310e6951fd0eb169905a37ba78eb0e746e48548cd430fbbce18607da84f5,60–120,MALE,1,0,0,0,0,0,0,0
10e0340dfc0161a9123ace7977d7aa6dee7da7d657b7e5117766ec2e8361a6cd,0–17,MALE,1,0,0,0,0,0,0,0
10f6b34b53d61ab256d41a5107490482d7af1e6671ac131f36c382497df40176,45–59,MALE,1,0,0,0,0,0,0,0
111f757dfa2a70afbbe9d2a65ec23a048eb17db096d60c43c482d2ef7cc2b1a8,0–17,FEMALE,1,0,0,0,0,0,0,0
11d795562e99d7da53391dca25630f82fc934d803ef2e9cecab29866565fdaeb,0–17,MALE,1,0,0,0,0,0,0,0
12591912e1afea976042ab68e66298aa4ece051ee10928903abd4899b0240858,30–44,MALE,1,0,0,0,0,0,0,0
133026cb949ac84cd0f1c4ad8d4f0bad68e1999e9537367b2fd1f096c4b81d12,0–17,FEMALE,1,0,0,0,0,0,0,0
13b498744b6b7639777448c7dc1419c9c64285a97eb8880515b0e371ae01399f,0–17,FEMALE,1,0,0,0,0,0,0,0
142476a4fa0dfd6fa44d36f1c79920b72e769b45d837d0d7d7c4be358c687843,0–17,MALE,1,0,0,0,0,0,0,0
1434d06f220bd298111bb30ee71d5c8323a2ba7d97ff0ab1428dfc9a272cbd51,30–44,FEMALE,1,0,0,0,0,0,0,0
149cd55f7d09bc6878f90b5d740764824721d98a17c338adef6e7cdf6ce1b2d2,30–44,MALE,2,1,1,0,0,0,0,0
14b344d31f5e5eea64136aa723948825e9627dfd42987089bdaca931fb0ca168,18–29,MALE,1,0,0,0,0,0,0,0
1537a6f14da407337448fd5d791c7465dd6af799ef412f6d5f9506ec2fe5bcd9,60–120,MALE,1,0,0,0,0,0,0,0
1563e4d30e4f7b3a4cdd6b64732818b022c0d643fcdd3d712198d271b5ff409b,45–59,FEMALE,1,0,0,0,0,0,0,0
15a031954e731c754255cd08f9b1a47e68ca3ce68a932f68bbad272138272bc2,60–120,MALE,1,0,0,0,0,0,0,0
15b1dbee5f54d47a2616532c7dd34274188e2df50fdd71483ab0c3d90a44e15d,60–120,MALE,1,0,0,0,0,0,0,0
15c21d10ec6ddcc17a884747fcfb216067fb607f6b4e8d258f99f39788836273,0–17,FEMALE,1,0,0,0,0,0,0,0
15d634d1b27df258fe82e22d913907968b04dddaed08ad2cc6e7bd10e752c967,30–44,FEMALE,1,0,0,0,0,0,0,0
164d6a536548b2625fada69075b36b6a221285b4e3297d93e5074eae0fa16667,60–120,MALE,1,0,0,0,0,0,0,0
16e4261875a43ad3d6977a8bbe238313f91d21163105974ae24248f7fa6a4a99,18–29,FEMALE,1,0,0,0,0,0,0,0
170dd50d3d66b9713c18b40296957b065504b5461bdb2e72bcf27f3dde4e3a58,18–29,FEMALE,1,0,0,0,0,0,0,0
172e90301d5eb71c033db714f04f6c0a918d908bc7af235f668b1a84b9c4a053,0–17,MALE,2,1,1,0,0,0,0,0
173d261b727ca9fe95d229a0678874707d5cd3c3da30a875e9b8a5aabfc983ec,18–29,MALE,1,0,0,0,0,0,0,0
1756161ee163b75b0da0f6fb20fb1aebd51acc2bc82536127f2d41c911ba3074,45–59,FEMALE,1,0,0,0,0,0,0,0
176ce8f79f7d72fb03eb08b9d607248847215151facd40b7639c9f5c97b714b1,0–17,FEMALE,1,0,0,0,0,0,0,0
178b985dde1001dcc5bac19eb0c003f3e4bbcbfcd227c9a0fe801a3e98370f84,60–120,FEMALE,1,0,0,0,0,0,0,0
17943c977830f563601f108f9e46ded58af0c2859cb97f6f427a7c12c6ef6b7f,18–29,FEMALE,1,0,0,0,0,0,0,0
179bea06b7ffb2ebf26baa83941fd698438fa050ab5ede8f4908bb4d8e5b188b,45–59,FEMALE,1,0,0,0,0,0,0,0
179f96b589ba0fe2b52d2c952b266561d2c40fafad85e3a9165f642f30144901,60–120,FEMALE,1,0,0,0,0,0,0,0
17d9b63f96c3f1d2da7ae9b47fa999ea84da91914898e7d46d93fbe07191764d,60–120,FEMALE,1,0,0,0,0,0,0,0
18652dc61c69d1eba4684e4bf0721b28630ca554d985ec98084bee0a6d0a9995,30–44,MALE,1,0,0,0,0,0,0,0
18bf2afcc7da009de33e0b135a5a2868b116e9ce416dcb420aa70bfcee4a5f18,0–17,MALE,1,0,0,0,0,0,0,0
195e1615158368f06da4436a0d91eee183e77607ebf33ac4379fc00b816c9613,0–17,MALE,1,0,0,0,0,0,0,0
198c000a9c2ca70b6cd91be2e85efdb073e01b8e852736c919c82da22b88c59a,60–120,FEMALE,1,0,0,0,0,0,0,0
199b0d6d1a74ba2ef8f290c60ccb260e4cc2e88f36976ab537468480f66c7aba,60–120,FEMALE,1,0,0,0,0,0,0,0
19d227c523b7a865389fa4fa8292bdf717dc07ace6bbe787f6fe51be546c1df5,60–120,MALE,1,0,0,0,0,0,0,0
1aa80dd86470b1d6a748802a3ca2fd723a06ebe4a2239a56fd0e2c68d9c99c0c,45–59,MALE,1,0,0,0,0,0,0,0
1adc52303b3edcacd2cb03cf0b4819f9eff6dbde874107f868a71895bd979f97,30–44,MALE,1,0,0,0,0,0,0,0
1b1c328fe337b049115e11b8d52f5043a1b69618a3f44c6c3578e52bfee6a079,30–44,MALE,1,0,0,0,0,0,0,0
1b518666f27a1d7e7767f5ce44c3478c69e692687caa2f6db9c92a3babe54665,45–59,FEMALE,1,0,0,0,0,0,0,0
1ca39d7a0601da9978989f9fdadb4d7c94ead869b34d9ff027eae1d4a5b69995,60–120,MALE,1,0,0,0,0,0,0,0
1d420f355f113c6a724e8295768ff590883f189b4933ff46a5b7df6c60b460e9,30–44,FEMALE,1,0,0,0,0,0,0,0
1d5de405aca45143c78f4c56d955b9a47df5ac0874e8360e2c303e9be427dec0,0–17,MALE,1,0,0,0,0,0,0,0
1dbaf230c0ceeb8b6e8d724859c1661837f075c40a840cccbebe2fa784c0d1bb,0–17,MALE,1,0,0,0,0,0,0,0
1dc6906d5ee4d3c0e1f64f272353ad1f2739c422ef3e77b06557a76c5587f107,30–44,FEMALE,1,0,0,0,0,0,0,0
1e7aafb86e5f36ef22db264fde5354f9a088f7ebac7732b619719b29f192546f,60–120,MALE,1,0,0,0,0,0,0,0
1ec19f728b5e85c727ba1f3e212ad39bd0f73cb261347f38e50dc14831b869c4,60–120,FEMALE,1,0,0,0,0,0,0,0
1ecc01696c80e82cf73ac4d92da0c2b7a003c42147d1a2e718e14b84a54bc613,30–44,FEMALE,1,0,0,0,0,0,0,0
1f4f6c06e46598a7aaf8adf8695a116ba6ea2dcecc3060c22da4b2611008c085,60–120,FEMALE,1,0,0,0,0,0,0,0
1f5bdd14a892890aa1156862ec302231bc62bd1611ae367f6c05d1761d01649f,0–17,FEMALE,1,0,0,0,0,0,0,0
1f9198a03e98298384fe0223cd9971930ba3ee6ad51f567313e4ab41a7515a81,45–59,FEMALE,1,0,0,0,0,0,0,0
1fa3e7ce6cdc35608562e60fa5ad57c8a6f9a2f7314cc47812a7599eb032aecc,30–44,MALE,1,0,0,0,0,0,0,0
1fed3b19add2aebc6082f0617ff3cc8449bf098b117934889179c5ecbaec50cf,0–17,FEMALE,1,0,0,0,0,0,0,0
200eb965fb806fe6b824333c49c31eb755591d27918bbdb74b231ecc8bbb0352,30–44,FEMALE,2,1,1,0,0,0,0,0
20438dbfec7a004c59fa78cb8ba673a2de691b2aa899ae50f16cc7988e4d7014,45–59,MALE,1,0,0,0,0,0,0,0
214bbaf6d0a188c603f988eb4db94c0c4b471ba0c2918912a0dbed2d826f3bc1,0–17,MALE,1,0,0,0,0,0,0,0
215474a27523bac03e98d120394be34a7e89061a528bd7dd0df5051acfbed3d3,45–59,MALE,1,0,0,0,0,0,0,0
2159b676c2284ffe549a4f2c0d641ee0ba76a964f219773edff47aeeb906e6e5,60–120,FEMALE,1,0,0,0,0,0,0,0
216f61542fa90d237bd29df156ab1f85f4d29ec4565c07c7a87c1ac648f61d0f,30–44,MALE,1,0,0,0,0,0,0,0
21b9fc2d2797cc528864d7dabceb2ac8eb324c95f1cd60f5a0c5428c99ada269,45–59,FEMALE,1,0,0,0,0,0,0,0
21cb7c777f4316ca41a10ba7293191145a8dccfbaad305c85559c2e46987e54e,30–44,MALE,1,0,0,0,0,0,0,0
21d0343ff77af445c0a21f7a896da9865ac9950cec5cffe59b2b3045d0a9de18,60–120,MALE,1,0,0,0,0,0,0,0
22a2521358fe1a229171e67458cf375382246df2d2634a9571e0d78b47e662a7,60–120,MALE,1,0,0,0,0,0,0,0
231c6e352b263f671ba4ee9d2817ac483b098af7aa82de4ed383bb029deabc1e,60–120,MALE,1,0,0,0,0,0,0,0
2323a65b28d79dd2a73ff07a3da866e1309781a9bb29f15027418161d3ec4107,30–44,MALE,1,0,0,0,0,0,0,0
2323e9ea2f0ace8b9677d61bff71decd566489c577e31ed7a69d28717d6d342b,60–120,FEMALE,1,0,0,0,0,0,0,0
232e616f0214556332a0568da21501b919ddac8aa71b5059363d3f5f3a488f46,0–17,FEMALE,1,0,0,0,0,0,0,0
23440c6ee3913d6263e4bd642eee27a27390dee9ed37d14d1355cb8c90ecad68,0–17,MALE,1,0,0,0,0,0,0,0
23dcc0b6c4f5e1d79104e0af315bd764efe92074bf1d35e9a8b2ee8551b26329,30–44,MALE,1,0,0,0,0,0,0,0
241e29e39b84ac04892fd20293733c3746042f0594e12fd9f60c757a37ec0872,0–17,FEMALE,1,0,0,0,0,0,0,0
2424c180e90874966959c351bbd67847016eb4dd8b5bc716c281394427fcbef8,0–17,FEMALE,1,0,0,0,0,0,0,0
243662423851756f5a71455454570d8c2b24a8ee21bfa31361a5bcec52298493,45–59,MALE,1,0,0,0,0,0,0,0
2458cc0d35db1b8c113e3b92911498f104d242d2654fc7a75dc5d1611e537d23,45–59,MALE,1,0,0,0,0,0,0,0
24cd025a78b247843fe257fe8caeeb9631f975a7fa776c68d7293138209a5095,60–120,MALE,1,0,0,0,0,0,0,0
24ce45fa8ca1cd994412151e4b05fcb60d79e6da0914580365fed4fbf0b528d4,0–17,FEMALE,1,0,0,0,0,0,0,0
24ead0746ab557a25ac2a363150806309cf72327461282eda16271189c285988,60–120,FEMALE,1,0,0,0,0,0,0,0
2509d6fbce9ca7eb501d0f3f38b3091106bb8b6bf73cc6c94bb67a09387ad40e,45–59,FEMALE,1,0,0,0,0,0,0,0
253e2761bb2081344f3750e4b1f8650c844c81063aa9b8525e98d7d546ab7808,0–17,MALE,1,0,0,0,0,0,0,0
254934d32cb172406f55445af689c0172bc528effa4c86aa57a321beb3bf7027,0–17,FEMALE,1,0,0,0,0,0,0,0
25d9631f110ff84cdbc5a7f98ba6f35411a7d54e73aa42467fbd0f59fb41c4d9,18–29,MALE,2,1,1,0,0,0,0,0
260702e5895ffd5cc8f3b35d71a1c9c3da4d2aa4ee322d0052bd51fcd1857e91,45–59,MALE,1,0,0,0,0,0,0,0
2639e6fcb063915a349fba4df5cff4a6490445bd7dc25528b7086126b4e2a558,45–59,MALE,1,0,0,0,0,0,0,0
281264f82f170c86c7b09ad13e60a07060875dc541ffc92fe87c124040062091,18–29,FEMALE,1,0,0,0,0,0,0,0
282bfad267e237be0a8b35c474d6571d94a058608a95b93c05d612843a6699db,60–120,MALE,1,0,0,0,0,0,0,0
284167a565e0ba7c9e3bb2853a8d73a6d6e0f6dbd2ad26ad4f13fbaaa5e79812,18–29,MALE,1,0,0,0,0,0,0,0
28b8959a9c61fd66f4849f9522d12b55b8375aa9da11303e8ed6c2083dbe4e79,45–59,MALE,1,0,0,0,0,0,0,0
2922d9d1d626c4e05363c7a10be4c37dbb54cf6d4a76a3fb105badced6f5ee3a,45–59,FEMALE,2,1,1,0,0,0,0,0
296c43d6b6e7837ab307cc1700d210e6af852611a4b96ac471400a6aee2e4903,60–120,MALE,1,0,0,0,0,0,0,0
2b3407912eb0c3f6f899f4963ebea27508a6d0c4ae04eb8a51cd884e6765dfa8,30–44,FEMALE,1,0,0,0,0,0,0,0
2b8db25fba308232af52c1f351e1a89d5d7f220e055e2e5760843da7171e3d75,60–120,FEMALE,1,0,0,0,0,0,0,0
2c0a5185e37ddaaf3feb219ee0136f6f63cffeeec5feb9ad7eade49e119b74ea,0–17,MALE,1,0,0,0,0,0,0,0
2c3f92b053ba6a15ce6f1550c9ff6822eedb3a93b0658e4e1356dd3e859756f9,0–17,FEMALE,1,0,0,0,0,0,0,0
2c79f2af09e16fb5d73ce5c68751f2e55a5e0b73f174c61e7ec1647a8d0f82f8,60–120,FEMALE,1,0,0,0,0,0,0,0
2d0ae92c45127f4a6e64e3d4bf362c03bde826986acb9ea9db77fb75b14ab159,45–59,MALE,1,0,0,0,0,0,0,0
2db889a41543bda1d6d58f6d9c5972da677269dae93fbdc623241ccce4df069a,0–17,FEMALE,1,0,0,0,0,0,0,0
2e257359bf187237d74272e993c7eab9e580aed3b0cd81aee80f5c5b9a87d303,45–59,MALE,1,0,0,0,0,0,0,0
2e51c4e704ea4a6a8e4b9803899d50cffd965a21ababbc8fcb8496633f39d7b3,45–59,FEMALE,1,0,0,0,0,0,0,0
2e5d0f04fd4817510bfff7fa9edb19a06ec540cb2f3439fc6a93a9a569a11c63,45–59,MALE,1,0,0,0,0,0,0,0
2ee978f7f13219d142920c6779fbd6a9c06b4e11eef32d542045902185e1d776,45–59,MALE,1,0,0,0,0,0,0,0
2f025f28862718445494c204786f5d88c018f7784032eb5630ac79640e2e80b2,60–120,MALE,1,0,0,0,0,0,0,0
2f94aadc91fc7cd30dc123103cea0d0000d0f2356bb640d27f2cefa4648828bf,30–44,FEMALE,1,0,0,0,0,0,0,0
2f94ff80457ec134b1cdc43557115bb02f60649ecdbbca85700970211dfcef56,60–120,MALE,1,0,0,0,0,0,0,0
2fc09cec9993c0da7def0e5d0eb847eb36b78375205bb923f226b5e7e86933c3,30–44,FEMALE,1,0,0,0,0,0,0,0
2fe0136e4df589904ad0b31e6802d3581d408d51a6c536f66a6c978b63184a8b,30–44,FEMALE,1,0,0,0,0,0,0,0
30083aea2bf5f3673c082d15f14f9fe317ec43cd68bb58da76747088b023d219,0–17,MALE,1,0,0,0,0,0,0,0
306ae0693bee01b8290127e8062ae56fae5ad7611e22f61d7c17e9577c83b62d,60–120,MALE,1,0,0,0,0,0,0,0
309698733ed0dafc9da89d0b39d6b5537c218b1c769bb02d172e474a03adf12e,60–120,MALE,1,0,0,0,0,0,0,0
309a7af80c3b6dcc2a22a57c66cf60561ec933f3ffae0be0ecefe21f577bc7fd,60–120,MALE,2,1,1,0,0,0,0,0
30f147e8d8112b6820814f35667ad237232b1ab97167376b8cccf58dcde3cfff,0–17,FEMALE,1,0,0,0,0,0,0,0
3140de2d9d0341d6463de0d52ac30f568af95ded05f5587fb70868aa9fc98d35,45–59,FEMALE,1,0,0,0,0,0,0,0
31eb990140d7bd18224830099b47cafbe64ff39458b3616c6c75a956b4d110d6,60–120,MALE,1,0,0,0,0,0,0,0
32146ccc825a36360f91115c365eedc33b5139700e5f9bb2f48d3d70c3d973f5,0–17,MALE,1,0,0,0,0,0,0,0
324f599c50e6a6c34280e041d453d3040204b2b884046452a4769c4d28404ac5,18–29,MALE,1,0,0,0,0,0,0,0
3300590c0fbd31964fbe09074e1264d022fdc55827113358f6543f2bd592f64a,30–44,MALE,1,0,0,0,0,0,0,0
335be5728817e14076ca097c27a18da1386db71d333d2cc0ce0acca8bce25754,60–120,FEMALE,1,0,0,0,0,0,0,0
338e1fb91f150b0f79b7ed6e8bec4c24a2447c5171927549b1b3f6f01710688f,0–17,MALE,1,0,0,0,0,0,0,0
345f108aae3ac4704807a0bf04b048e4ddd4c37d1dd372d4f93e162a48c21bf9,18–29,FEMALE,1,0,0,0,0,0,0,0
347b5f6bb735a8fd6b118b710b5689333094163317a286f2be5adb608e6a9308,45–59,MALE,1,0,0,0,0,0,0,0
3488eeb0cd8a0b02a645c31146f25de3a002df387a99021981dca073a01ef759,18–29,MALE,1,0,0,0,0,0,0,0
3502a8e1a70818662f681e7e50a02900bf33c59dfea858fd036a704ab45a3d0c,0–17,FEMALE,1,0,0,0,0,0,0,0
3588f79d5ccc7e97cf428170e36b1d8cccd56ca054c40e1fa302d63e828074d3,60–120,FEMALE,1,0,0,0,0,0,0,0
35c333d600c1e42be265df9ee583a11d0b7c3b00f25e80161667c07c005b702b,60–120,MALE,1,0,0,0,0,0,0,0
3603ddda027c244454eb982506e4e2b9cef458337f46d1c87fe7bb946bbd9e50,60–120,MALE,1,0,0,0,0,0,0,0
36101c3d61a55d1b8c1f90a8f818e66d5031097d3dc2c0e338d45b218e2077d9,30–44,MALE,1,0,0,0,0,0,0,0
362e47313583d028a576e7b78f3745059c5d31717166891ae34c6ea9cc6584fe,60–120,FEMALE,1,0,0,0,0,0,0,0
36f13be160b3acb24b224d5890ac2ff87fca7a67e8e7a9527679cd1e09e7f553,30–44,FEMALE,1,0,0,0,0,0,0,0
3744473551d7b39419d5ca0c4564bc37b93f97510e9ae446fa4653f78a00a33c,45–59,MALE,1,0,0,0,0,0,0,0
37532c707af43fa39cbda23b110a4df35a966c0872ee59639f2b4a5eabfa062f,0–17,FEMALE,1,0,0,0,0,0,0,0
37b1a1c6f1b52a729a81b98ce07f17daee7a23cde3b2b9ab6860780bfb7fb9c4,45–59,FEMALE,1,0,0,0,0,0,0,0
37fff243c50724e1a20e3e8f7635cd89c4906e42a5faf3a21ec3af181f93c17e,45–59,MALE,1,0,0,0,0,0,0,0
386ff74c3dba5b7fbafa3c43c1e5fe44d8cc737e447330717b7fd7ea2e097278,60–120,FEMALE,2,1,1,0,0,0,0,0
38720dd9520598dc67c19c4d651b190dd416111fc7ce56eb1fec5fdbe96831c4,60–120,FEMALE,1,0,0,0,0,0,0,0
3884bf2591dc4824f14dfdc8ef82d9fe8e0fb886bccada24eec8964edd9e7191,60–120,MALE,1,0,0,0,0,0,0,0
3959d022646fe45b0760ee484fa1bb53b9171a5652b3827b647649678996dff6,30–44,FEMALE,1,0,0,0,0,0,0,0
3977d0e3c990302b7571666905bc75153a7193339f1b8acd419fb64dff53d7d5,60–120,FEMALE,1,0,0,0,0,0,0,0
399a285735971ddf63088943088881e8e22ae869f40c50470889c5a5b6f9f629,18–29,MALE,1,0,0,0,0,0,0,0
3aa571f568bc1abb6d9c5a738cfe8baeeb79b6960623b3777c36b146ac0aab69,60–120,MALE,1,0,0,0,0,0,0,0
3ad160e0333f5d67ff441e10b2fe80f89dc6536472326ed733d53d28802cca25,30–44,MALE,1,0,0,0,0,0,0,0
3af11a6f1d131050bec55076eae94a11c43716b368c656ac57dd3927589d7d1f,30–44,MALE,1,0,0,0,0,0,0,0
3af9cddb005e089bf633441fdc4468f073cb9f7ef659ceeba162f4c3cb28c6b6,60–120,FEMALE,1,0,0,0,0,0,0,0
3b1dcd30beb1f934b4d16101983efa66b6c5dcb54e3cd2aae36303f8c1806ed4,0–17,FEMALE,1,0,0,0,0,0,0,0
3b5a947dc58a16b4619936fe50ea90e8c5314a3c4b25691a8e22e4b1fec42623,60–120,FEMALE,1,0,0,0,0,0,0,0
3b663eb804766446dc9f2a245a89d559390233bb7ec84858cb02d118028a0861,60–120,MALE,2,1,1,0,0,0,0,0
3b6b17aecafb456939933dd5bb0f61bdd7d1ce9df56505419a8303c4b94d606f,30–44,MALE,1,0,0,0,0,0,0,0
3b7d88f41079b5212e64ebe2dd8ea7b0bcd0d79653962afe16072fe668f202ec,30–44,MALE,1,0,0,0,0,0,0,0
3c1464aaef9f561e6269236192e5b9fce69d7d8680647bfbd9abf3d2ef3f2d0d,60–120,MALE,1,0,0,0,0,0,0,0
3c557d2842b9a998e9ae7bd2e4ffc841fe11a89330dfc4ca0c26b631d00fc056,30–44,MALE,1,0,0,0,0,0,0,0
3c6e8c819baafcd35376b96dee7ba6699488a0b096a726790b610d2ee2b82f35,60–120,MALE,1,0,0,0,0,0,0,0
3c92f263c03317e7c45bd973d850d4430e46f367a4ed845421dbfe59027fe717,0–17,MALE,1,0,0,0,0,0,0,0
3d4392624ce74977c28b5f3d19735c7538dfc2e9fe4d687265eb5595f1629068,18–29,MALE,1,0,0,0,0,0,0,0
3d87c264cad05574eb9850d44e121b61a8fa369f348aee434af0e251a030a090,18–29,MALE,1,0,0,0,0,0,0,0
3d888cd052c2db5ad1f58ceeb74f1130ba86c0cf6bfb41675da0e3e40602e19d,30–44,MALE,1,0,0,0,0,0,0,0
3dc325d0513cc7afa1a7a7e3bc5681dc7e021e264dbce756b5778d8fbb56044a,45–59,MALE,1,0,0,0,0,0,0,0
3e6ffdd533bfc1a0f12ab4604a283bf76f062b354953c3f5b9aecbe4709ff09a,45–59,MALE,1,0,0,0,0,0,0,0
3ee9654913907a132634a3192569145e37c6651c43599e888abb2cc4150026fa,45–59,MALE,1,0,0,0,0,0,0,0
3ef740c96304f3564e20b3d728b1d1494b0475e04a4dc879fdef6932e1c929b1,18–29,MALE,1,0,0,0,0,0,0,0
3f0ce81c79bf2d66d72576eea5e3c828032615701a7cf87f110f0413c07921ad,60–120,FEMALE,1,0,0,0,0,0,0,0
3f1e552d418042b19ea13b458766ad9d4510e4e711a9657d9b2171dc34c05d6b,45–59,FEMALE,1,0,0,0,0,0,0,0
3f3b5662425e180be969e7fc1f2326df5f743f6e4fbe1344815a2bf14a65b95f,0–17,MALE,1,0,0,0,0,0,0,0
3f5f68ede26ee43b6e793bb2c7c4ce35409898a6d7c3fa8b595d0568caf62a74,0–17,MALE,1,0,0,0,0,0,0,0
3f9913aa5c8d7d1eaa34806b4234e0b341a1d23103db671b1a362fd44d9b1220,0–17,MALE,1,0,0,0,0,0,0,0
40606d0e93f7d01c0e34ab7543bc4c414a3819ad01de76a30272b4b4bbb784e1,0–17,MALE,1,0,0,0,0,0,0,0
416bb03fb1a06fb2f3fb7a7da1606e342b47ce84ac58f0dcab4f346a7d6ee406,60–120,MALE,1,0,0,0,0,0,0,0
4180e303cb8dfda86f80eb794134abd4e7a627b91d5a45ce6d11c00d68929ba8,0–17,FEMALE,1,0,0,0,0,0,0,0
41b435348a46852008310de8ac182d99df566e4b4aeb60680f7d57168ab12bba,60–120,MALE,1,0,0,0,0,0,0,0
41b8d903223612cc423b063490c3d50336afaa67f5e41f7da46110635b951e51,0–17,MALE,1,0,0,0,0,0,0,0
42a6335ba19f6d67b7a433cd2d3ff59c3120f40f658cfb6742236720bb5b3dda,18–29,MALE,1,0,0,0,0,0,0,0
42ac98273f57fe34c3c3fea43db1bf7fe7461fddeebdad1be12ea0a123a977b3,30–44,MALE,1,0,0,0,0,0,0,0
42f4d1cc59e28399f481e20ab3d43038ebdfc1cf735758e3912ca1143aabc0c9,45–59,MALE,1,0,0,0,0,0,0,0
442634db2b277c487b4bd58997020c43c45c31d3247f7d7a1e21f4ea99b55579,45–59,MALE,1,0,0,0,0,0,0,0
445da7ce295e7edefb71116c2a9cbcf176a1d2492b50dbd66fcd3710e849d705,0–17,FEMALE,1,0,0,0,0,0,0,0
446af26b54dc5cc82501dc7d71e484f847a46bc5f283fd993c9fbd6062cde2a9,45–59,MALE,1,0,0,0,0,0,0,0
44b2d115562915a9e1585b5d54f6ef0fafb0c49825c8c236dcebbdd88c62ee34,60–120,FEMALE,1,0,0,0,0,0,0,0
44ba4ab9e2c3fc28300d631b2ebe993d473962d56cf2393b00138b4f5faf17bc,0–17,MALE,1,0,0,0,0,0,0,0
44e23913b37b0673a70c22cb631f7b160b2bea69364e27964b3cb8c4af74c3c7,0–17,FEMALE,1,0,0,0,0,0,0,0
45cf0a307f3e208744780ab365b0f98a566423cab4a1eb09ee7e9dadd362e4fa,18–29,FEMALE,1,0,0,0,0,0,0,0
45e3da8314f998baea7d62920ae02780a03a6bdefc7aafcc27a40e9c89c42553,0–17,FEMALE,1,0,0,0,0,0,0,0
461e1efd5f9cb7477edc4c7dfd31bf560fdb474785da9404fd4d947def96a73c,18–29,MALE,1,0,0,0,0,0,0,0
46555a17e4e21f3e37246020dfbbb9a4f632241ce6ad9109695e95d37d77ab59,18–29,MALE,1,0,0,0,0,0,0,0
46b6f23b5a321e7394ecb224cb2b25316643961616542116d1a4e5068ac3a44e,45–59,MALE,1,0,0,0,0,0,0,0
46fc4565420bfd1d00bdd4e7614d6c9a1c06e7c3b14cd013bb82504646fe3116,0–17,FEMALE,1,0,0,0,0,0,0,0
4722f46a9fb6d5d6a75b511c7bc92b97a0aaa711e69ed31d61285e426cbf4d76,0–17,FEMALE,1,0,0,0,0,0,0,0
4777c506db01818fa61994a7b7b0e72ab8b3659026bcf31cfd5dbc7a7a8ccde6,60–120,FEMALE,1,0,0,0,0,0,0,0
47c4931383516f6b07880f32e92d20cc050ecc0033558c31bb7a075c02e6157c,30–44,FEMALE,1,0,0,0,0,0,0,0
47ea45bd078fefbcc70cdefe6e1acfb88fdf8b41862b087effd33cfa620d50c9,60–120,FEMALE,2,1,1,0,0,0,0,0
485d056d6525dbbf7afd5f5492162c1e37dd66e6a9f7a6a3e45a5182be5e6b6e,45–59,MALE,1,0,0,0,0,0,0,0
4870ee3240837b27324c816bcf4ca84de097b3095f5af0db78bd6b21d5351bd4,18–29,MALE,2,1,1,0,0,0,0,0
48e3db12a072d29f975bdcf7c74bdce74c0acfb6fa5af267eab258927df1220c,60–120,FEMALE,1,0,0,0,0,0,0,0
490db92f9b7836082e72ca29563c451951c75abd75491985b3e898b54acdea8c,18–29,FEMALE,1,0,0,0,0,0,0,0
49254e5ea685f6a672245256302ae1b62ddec7b635f98e00cb7a91acf75125b8,60–120,MALE,1,0,0,0,0,0,0,0
4926380c5ab7f85bd297d4185e08fbe594cdb0faf8c1cb5990fb95105d810ab3,60–120,FEMALE,1,0,0,0,0,0,0,0
496615d29ab9e1fd01538bb6737048363b5648f1005f24dc553f17b12e62705d,0–17,FEMALE,2,1,1,0,0,0,0,0
49b71e67df1643bbd92b0ef59c2e612261bd8e82416889c3a4cb29e4e0fe4ca1,45–59,FEMALE,1,0,0,0,0,0,0,0
49d4e1e9f6041a438bddc4ddaae922dcccc940a0977fca1d0c4ea9f8bb25194d,0–17,MALE,1,0,0,0,0,0,0,0
4a06978f080671d4b85c6d4181d5c92dc8a7641e7a0dead6755bc3edf46597d8,60–120,FEMALE,1,0,0,0,0,0,0,0
4a4e5985c9976c2da6bdd36b09d668fbbbceddd46a54dd66a34ef2f3b1dcc697,0–17,FEMALE,1,0,0,0,0,0,0,0
4a88db8e1fa2f179cdeaa18b032f588b65ad9d9d801b0c6b44add18456d7889a,60–120,MALE,1,0,0,0,0,0,0,0
4aa7579030532c52170f1dc44f5191cd7abb29e07c62df205881fbd58d5ecc61,0–17,FEMALE,1,0,0,0,0,0,0,0
4ab200e16956011a7a970a74d76c269b412aa662ef3e0e2a5f3048f01a0e0c9c,60–120,MALE,1,0,0,0,0,0,0,0
4ac3626daa7c9b9554d5b06af4a6805ddaa2f633db71292ea20f6cb4793bae6c,45–59,MALE,1,0,0,0,0,0,0,0
4ae6805d49cd7f0bc20a22d123a6949dcb8b19a618d8572e1620a9ec5b8f8c88,0–17,FEMALE,1,0,0,0,0,0,0,0
4afa3379bc1a2c28da550188ace47068294dba88fc39d78272cada9659639a98,30–44,MALE,1,0,0,0,0,0,0,0
4b3695cdcff48aead763e94327b072859fbbb167cc5f48a97fba0b7d050ab2b3,30–44,FEMALE,1,0,0,0,0,0,0,0
4b782d059e93d4cf59aaeac3eeb892b3b84736e61eff360b56cf8d32d3193d0f,45–59,FEMALE,1,0,0,0,0,0,0,0
4b7eff897771c9c5618b763aefca734eaca96d9175e23053de12008acdb9faf2,30–44,MALE,1,0,0,0,0,0,0,0
4b9f32139da950a31436d73fd8b37fdf96a0317f74e96425e35335a555f344c9,45–59,MALE,1,0,0,0,0,0,0,0
4bbee2e5fcb5282f9e6ac73cd82202b9eebcaedb1f0491e4442cdb9caf2a3311,60–120,FEMALE,1,0,0,0,0,0,0,0
4bdb90507eed08296284a51075e80fc41bba8dfc1b0de9cbbfd3c1a1bf014adf,60–120,FEMALE,1,0,0,0,0,0,0,0
4c2a6d36b0f9b6841df01cee0271f49043e11f8581e9cf7088e4be0f4b78b964,60–120,FEMALE,1,0,0,0,0,0,0,0
4c40e4e27086b7cb1fb5f90d3932b1cccf76a6d09d299959dc380211f7c36e3b,60–120,FEMALE,1,0,0,0,0,0,0,0
4cebf05649dc69f23176a796a8db14884d49eb103dbb50411f53b210c74c7fb9,45–59,MALE,1,0,0,0,0,0,0,0
4d005442db626d666c4244d549d37383e1e5489334d7ee7723fe8ccb64ce559f,30–44,MALE,1,0,0,0,0,0,0,0
4d1ccc9255ad68da88de4660c6dc0ebc1ea60c5b0bb9b6b6836d9dcc01e8c767,60–120,FEMALE,1,0,0,0,0,0,0,0
4e15620e25c00e973405c5372fa7369395daabaa289398a0214a7f647103b281,60–120,MALE,1,0,0,0,0,0,0,0
4e79de3b0fe235546a87e324e7d63f99a54a970414f49e38c4e5278efeea649b,30–44,MALE,1,0,0,0,0,0,0,0
4e7b96a7a6ac9a4c0b40b665676f35a6cf0d80e050a4e7faee7fda0cb80f31cf,60–120,FEMALE,1,0,0,0,0,0,0,0
4e81d144968aaf5c46b897b361632784defe1f9b9c568b37075698bf29899ba8,0–17,FEMALE,1,0,0,0,0,0,0,0
4e9e583f434a00ee81b1cf10dd7e8c805f8b50e5924e84af6a0b0c46cd78d500,18–29,FEMALE,1,0,0,0,0,0,0,0
4eb4dac8d76b2ead062af5890b5a72fc20f81b13abbdfe21ef6b4cbfde856ebe,18–29,FEMALE,1,0,0,0,0,0,0,0
4ef7d1db1266365aee82e6f6b2c0575e41c1100e43d9fa08ed7be42ac84f3ebc,60–120,FEMALE,1,0,0,0,0,0,0,0
4f7a25df6d5c1034a153191431fd2f11319945ecb209b6ee67f81a4cb17348eb,60–120,FEMALE,1,0,0,0,0,0,0,0
4f8c435eaaa9a83c5d840249de0183e92b80a3a0f5e24b054d576d5071d43709,60–120,MALE,1,0,0,0,0,0,0,0
4fe9f3b870210c4fdaac380444c2cfa7f0e27381fa2e167a80099fca6fcd5bf9,0–17,MALE,1,0,0,0,0,0,0,0
4ffb22fca0e0b0ec7e19512eec22ba843879f350433aba668e29cac2d9009bbe,0–17,MALE,1,0,0,0,0,0,0,0
50066e779d3f0f9efd36184580c6cbab0d91028e9d6bae72a51f88a21a4c284c,18–29,FEMALE,1,0,0,0,0,0,0,0
50f49c4fdafd8cfb9e8e00dcd2872ac1df2edd8f7f5ad8150fba1cb576c6ff68,45–59,FEMALE,1,0,0,0,0,0,0,0
50f69abe6a2724ea7145658701543ead6b6d3960c3c6f97055bffb59d23de041,0–17,MALE,1,0,0,0,0,0,0,0
51063f63384ebcb1855db3d4f24602b4d667a2c63233b4437d0478d9bd434132,60–120,MALE,1,0,0,0,0,0,0,0
513b97d7aeef4f175bb9f4b683160b76d0f731d7d5dbfc54f4a10e992e4b04b3,30–44,FEMALE,1,0,0,0,0,0,0,0
517d724b759cc45afa666c6ae5c2f1e84f21eebcacd18931aafadba3c8bd32f3,0–17,MALE,1,0,0,0,0,0,0,0
519b34d5c70cec10b6e58bd769e1c07740927e7516417618b8ef4e2f10b39ef2,60–120,MALE,1,0,0,0,0,0,0,0
51c5f61eb756bd7e04856012bee3f821c5b20f7c3a7bdde5d452d8d879247f8e,60–120,MALE,1,0,0,0,0,0,0,0
521eb299eb3db39a0ccb41599a5ee6b1def366c3ff57cd6d430c6645386bb697,18–29,FEMALE,1,0,0,0,0,0,0,0
52248f18341272eff8e0a4514d6510316412e418e0aee790f3676de6ac24a39f,45–59,MALE,1,0,0,0,0,0,0,0
5237b09b63f429fdae7597b3291ff323132248b578b5f62ab595d27a47b6c3e4,45–59,MALE,1,0,0,0,0,0,0,0
52720ce98202e050b342457145c72bf7fa3136658d2309047d06085f378c2b55,0–17,MALE,1,0,0,0,0,0,0,0
529e20104a85eb3c3f8cf7577496040bfdab5ac6e0a054bf78ece3946826ca14,0–17,FEMALE,1,0,0,0,0,0,0,0
52da9e3033abbebc9d5b16dfaf62b7618b34a385764cec7cef380235214fafe0,18–29,MALE,1,0,0,0,0,0,0,0
536780befa81b39490173a1a6302a9928d8b5c15d2a6f55e5c67e73bfa6b7aa2,45–59,FEMALE,1,0,0,0,0,0,0,0
537803837697d6ca798b9f1ca1a4a76f1b2b1aac905d5e659b5d438aad465fb2,60–120,FEMALE,1,0,0,0,0,0,0,0
5382c03573885f10f6571c4bf70a04292e10a5583299f3f4c349a263f5d15547,30–44,FEMALE,1,0,0,0,0,0,0,0
53904e5cf035b78360a42387093aef97d2035f709d1217caa416d8c3c39142a3,60–120,FEMALE,1,0,0,0,0,0,0,0
54032407e1c05791fb584c58a02c2f4ea821f7f6ec4230220bb62936d6644ca3,45–59,MALE,1,0,0,0,0,0,0,0
5557c3c6b97233608f1d90d1a10478aa8e7af7fc7700a47e59d90ce389b29fd6,18–29,MALE,1,0,0,0,0,0,0,0
555fd81e0dd2fe6413511fb00248d0b17ab4f3b874e3ae2dbbad3e4365848530,60–120,MALE,1,0,0,0,0,0,0,0
55d0d1931383d3627536f3157585198a38554adc58e91b90edd441702ed071a9,45–59,FEMALE,1,0,0,0,0,0,0,0
562073d9d3f6211c5f29349f1699241aad4640487d3efa6d0de6725f37136642,30–44,FEMALE,1,0,0,0,0,0,0,0
5635fe39000e972455775980d8eac0f5ce6c33599a6f2da7ecb677858356ea7d,60–120,MALE,1,0,0,0,0,0,0,0
56991bdd7b6e17c9e9ade4845ffb72d2c3b78addacd09f4238c78bd06cfc72d5,60–120,FEMALE,1,0,0,0,0,0,0,0
569a4aa6fa66128cd54877775f82dd9030e6a7cc840232b2c85c2ef016fdd1f7,0–17,MALE,1,0,0,0,0,0,0,0
570cdf8b9c65329d9164eb09c89e06a39d4bf972e1a8921d2f642b4d67747136,0–17,MALE,1,0,0,0,0,0,0,0
570f53917225e9641b062962ca4a9703f439aff5b8b3aabe56c4a87be6ec07ed,60–120,FEMALE,1,0,0,0,0,0,0,0
5788b4af6f503f95e3980ae111793017f4caa8e13c74b46c29850d63903bf6be,30–44,MALE,1,0,0,0,0,0,0,0
57a405956cf5143e2e3db99ed63f18d3b7a5d813856421666cdcf90b38ce856e,60–120,FEMALE,1,0,0,0,0,0,0,0
57b3b25c74e74e9f02f4ec3daa834132bdb17c434291032eaab13ac49d892881,0–17,FEMALE,1,0,0,0,0,0,0,0
57ca2a10bc16bcefa7f1f6fcad3fc6090d1bcf2f6434f9ca586d128d278e5e58,0–17,FEMALE,2,1,1,0,0,0,0,0
58966e277a18d64c1e8da50994c3bc71bedda886601e1c8fd30513a49aa6d3e9,30–44,FEMALE,1,0,0,0,0,0,0,0
58a0b95cb8eedc2708ab06c07251c8216ba214894aa5353d20d99c544040fdb8,60–120,MALE,1,0,0,0,0,0,0,0
58b316b84a111938a9978bbe47bd94e3bb028393f821ba303bf77236d49b58a8,18–29,MALE,1,0,0,0,0,0,0,0
5949f0a6707849fb072f0531b5c681a79f344bdfc27eb623037920d9179a1115,60–120,MALE,1,0,0,0,0,0,0,0
5997f99370d6e91f986b24d77a4fcbea3866ec28b8d4a9be0a95b9528a746c84,30–44,FEMALE,1,0,0,0,0,0,0,0
5a2b7d180968829718ec8b73a6b361914e4dc70818aa181436b139114a50ed8e,60–120,MALE,2,1,1,0,0,0,0,0
5a799d469d6c58c15c776e7b7aceb8dc7269db372a4637b81c3c1d8acfe1d0e6,30–44,FEMALE,1,0,0,0,0,0,0,0
5ac812d2d4f16dd986cf416d6705027be9fa177ed22e78e2880b8664da9a2c5c,18–29,FEMALE,1,0,0,0,0,0,0,0
5ae6021962d9561b92510c69938aa67a89b27882d5bcdac4bccc19c983309f73,60–120,FEMALE,1,0,0,0,0,0,0,0
5bac67ed21e46d76bc713f7425d4e4bfd0820083af82da25e1a3875ca34fec7d,0–17,MALE,1,0,0,0,0,0,0,0
5c39aeb5abd4010411494cf5091caa2785c52249a07dd12681dab65381dc994f,60–120,MALE,1,0,0,0,0,0,0,0
5c44e8c93cfd20f24c69ca20e50fc33ed566f3525693783cbc7f6df6c0b7215a,0–17,MALE,1,0,0,0,0,0,0,0
5ca7a4719d3384af2d38cbf6d0d6fa2a98b1df499e9fc24b60cee81ae0bc9c42,0–17,FEMALE,1,0,0,0,0,0,0,0
5d16b1f572adda7d3efbb00ddccd6293df67c6fee3e4b0cc6baf150442ae4caa,60–120,MALE,1,0,0,0,0,0,0,0
5d8e48a56981b91526d0897e8d7723372759957d24510326b7ad6adc41b4dffd,30–44,FEMALE,1,0,0,0,0,0,0,0
5d9965af3bbd9ca84ab30889bef9df69034bc6ec24fbbea92537d4c809b12bc0,45–59,MALE,1,0,0,0,0,0,0,0
5de69c77dd42e8b5c62dc020c477c9ed3fd92080309231d3b1d4ea697488f9ab,60–120,FEMALE,1,0,0,0,0,0,0,0
5e434988e1606f070ecda4ee6485f7c05f3d22d5b81e0e292376461d7802f42d,60–120,FEMALE,1,0,0,0,0,0,0,0
5e47d3584c51f2959bf596046d8df597e8f6bd815075fe8c0d7ad0b47ced7e7d,0–17,MALE,1,0,0,0,0,0,0,0
5eb0e9d4d0cc42e565f8d79bba8bfc2e8131180bb05f697908c185e7c0097b32,18–29,FEMALE,1,0,0,0,0,0,0,0
5ef9a0198320bdee87018de82d3abdc184ff176f354b33deb2f80dc7ceee138d,18–29,MALE,1,0,0,0,0,0,0,0
5efa59c4a2f6d83018f444fdb585dd7f26f8ea2dad17a7b723be365c2369bbd6,45–59,MALE,1,0,0,0,0,0,0,0
5f535f5138be76cd393dd467601ccae1d3fa1a2584c009ad0761a40ba71891a3,0–17,FEMALE,1,0,0,0,0,0,0,0
5f6b0905d2b5e2f3560fd7c0b2e8e26865c0616dfd514a562b86fdf5dc3256ed,45–59,FEMALE,1,0,0,0,0,0,0,0
5fbba428c47595ee99b560eeac72383491966834945a719cade088007ddb63e2,0–17,MALE,1,0,0,0,0,0,0,0
60115b4e562111a61b33babb3e66e70658b52ea9bc82a9ca2419e0b98568b6f8,30–44,MALE,1,0,0,0,0,0,0,0
604523fa427fe2dabbcb6fc8fc0b60d497a76c8a8bc42b6d6251a07b554182a7,45–59,FEMALE,1,0,0,0,0,0,0,0
60e17894ed50235eeb9d2526fb023aea159be15f108eb976cbbefbd10dc3d744,60–120,MALE,1,0,0,0,0,0,0,0
614f5306da9cec49dceb6a726fb9dbe99f0a7ebd1c51e5d3d90153416ed92416,18–29,MALE,1,0,0,0,0,0,0,0
616e789165073a5b2ae039b85392962db63338dcbbea93039040b414088511ca,0–17,FEMALE,1,0,0,0,0,0,0,0
617b494e8b97e58573275bfdeb726040cf368de5d318642f083e16af3a67c957,0–17,FEMALE,1,0,0,0,0,0,0,0
619ab95bbebbf9c78f5402629b95e6354605eb0732c7de86c90d9b08625d30fe,18–29,FEMALE,1,0,0,0,0,0,0,0
619f65e60c3079acf08f51fa794666c04902675a9f30c6300455460770fce019,60–120,MALE,1,0,0,0,0,0,0,0
61ee8617563ef2514653762b7e4ae2212190b76597a2469d912d5dce97430be7,18–29,MALE,1,0,0,0,0,0,0,0
628a59900943c63744c53c9bcf3da99e70f10660052400d2fa54c6ee44e8f552,0–17,MALE,1,0,0,0,0,0,0,0
62a8ce7da05844d5ebe76cff7e0159bbfa39ce436e4f271d0c1c7c66225335fa,30–44,FEMALE,1,0,0,0,0,0,0,0
62b4c191e0a9d5fe681f015c7c711a9767169a83a7268be78e3c6e033a636029,45–59,FEMALE,1,0,0,0,0,0,0,0
62ba7ed1ba8f2cc7174fcc5f6743bb68499479e224fdc0028b42764e9f94ff03,30–44,FEMALE,1,0,0,0,0,0,0,0
62d50099d56d8a6024be786aa78b7c826dfc594fb1c875a8524a04acd9b5dd02,60–120,MALE,1,0,0,0,0,0,0,0
633c5767249b89ff30151d9730c3a237dd434e6f82a4229ed6595424d772740f,30–44,MALE,1,0,0,0,0,0,0,0
636cbb7acbfc2f31afd7b3a259714930b75731d470652959bba97c13b9d89938,30–44,FEMALE,1,0,0,0,0,0,0,0
63833b18ca9a75f1b402c5fa3acaa606e15e3ea924773abd95de3a818b660d99,60–120,MALE,1,0,0,0,0,0,0,0
63877e673489a59846ad8fb0d9c4d78f5eb26d168875adbe5784d841233b9022,18–29,MALE,1,0,0,0,0,0,0,0
63c15dbc30b09b86be7088b6f42babf2527f9ca4cc74f3bbe9db20f7deec7001,60–120,FEMALE,1,0,0,0,0,0,0,0
640df4e01270413f494021e7c8b0bb4495d9cffb264a27654abbc4942b4ba320,0–17,FEMALE,1,0,0,0,0,0,0,0
641cd647fdff47fe18634b63095734633cf65cee7d6c16885870fc7e5ff8a8c9,0–17,MALE,1,0,0,0,0,0,0,0
64458f1a2ea0b368781e6d2a46dbbe9a3b44e86c61c2b1cba5e617e0d3f69c29,60–120,FEMALE,1,0,0,0,0,0,0,0
64d079035a63a26a381f2318de3df6ad10dfb62a2f1612a4b1e663e97902aeaa,18–29,MALE,1,0,0,0,0,0,0,0
65320c5655ae42479fcf87fe621588f3129c50d67f964e72b1f0a5bc9c44190f,45–59,FEMALE,1,0,0,0,0,0,0,0
653a3140a38ad0df68baa066fc091ae2752000aa19cd059508b6f88e25d96cfc,60–120,MALE,2,1,1,0,0,0,0,0
655785630e348c1c5dc897ab05bcae9c2c3869adf492065caaa4cee44bd1726f,18–29,MALE,1,0,0,0,0,0,0,0
65a050510d3450900cccdfcf5a23c197a28b581c85d00090eeb1ac935bb2282f,60–120,FEMALE,1,0,0,0,0,0,0,0
65b1db8bc13996fccf0a89e4187cc1fa3eb5ae3d821cd4e51a1d2569e87521f8,60–120,MALE,1,0,0,0,0,0,0,0
666b555386875e5cd31064494ea46190aa3e1ae60091e4f19d12bac5d106ae4e,18–29,MALE,1,0,0,0,0,0,0,0
6677b774f6317bc08e02dccb62a7dce03085c80c9017a6cd96b5156ddfa1e27e,30–44,FEMALE,2,1,1,0,0,0,0,0
667c931ec460804203c46713a29aee135c7a7909f3a8193d2a596ae6c81dd724,45–59,FEMALE,1,0,0,0,0,0,0,0
66de5d50c67b95f919bfe238e1de0f754ede9e9def09d701dff91f09b3f33269,45–59,FEMALE,1,0,0,0,0,0,0,0
66f28e7fd272240ae5039f3528025f5884335a47ba70cd37ebb814c7bd111107,0–17,FEMALE,1,0,0,0,0,0,0,0
677315b28faaeecb86b05f3f704cba9629a65b2e8f269fc512a0ce43d42be157,60–120,MALE,1,0,0,0,0,0,0,0
67c457232a0c62d12b86e1b78778d80511d95f278130a64a79e412417224327d,60–120,FEMALE,1,0,0,0,0,0,0,0
6851856196def475cf9fb8c7e2fe2a3839b7c63ddfa4a0c7a99f0eac17e6de1d,30–44,FEMALE,1,0,0,0,0,0,0,0
6854eb96024911e8564e06aac486465aaeea5206eb801574198900b4632a4f8c,45–59,MALE,1,0,0,0,0,0,0,0
685525ec985b6e3887fee7c0271467ba6e6e3740c4d7a258e0b1625166133d6e,60–120,MALE,1,0,0,0,0,0,0,0
689254949d08fb98aced9410ab058c6e0ff3adbb54d4ad61f59f068c6e6e2021,18–29,MALE,1,0,0,0,0,0,0,0
6923809f7819d18bb35a927493fa60e1d666475b909c2ad86c70b5b02b9b5436,45–59,FEMALE,1,0,0,0,0,0,0,0
6a10de017d0e770566ae0b83d4ed196159724e363af365a82e840b4d5e3d42fe,45–59,MALE,1,0,0,0,0,0,0,0
6a1ec884ecaae882e8345b7fd13508c8bfca2a10fd5208801a2810ae6c6972dc,45–59,MALE,1,0,0,0,0,0,0,0
6acc8f32a3d5a1e38f36dc398bc7f07e13c511b778d90bc2ba46c23ea59bfe23,60–120,FEMALE,1,0,0,0,0,0,0,0
6acdc6abf3f14461e3aa527f430d16883309bba28583c4b8b73354dda6ab6fec,60–120,FEMALE,1,0,0,0,0,0,0,0
6ad4631ec45555317fea37108fbf0cd8bde45a23d4698caa0d91aac9cd91b0c7,60–120,MALE,1,0,0,0,0,0,0,0
6aee07ccdd5550d778e682e7211fc8a0de69b9bf6207fe7c3f1540ebfbaa7801,30–44,MALE,1,0,0,0,0,0,0,0
6b3ed485a24677b59430b54af88d375f2ce85e882bb6746374e2e44a1c943b3b,18–29,MALE,1,0,0,0,0,0,0,0
6b625b6d527aa946bb7442f9e8b705d6247717fcfa2a814cac79a6a6b7ae543c,45–59,MALE,1,0,0,0,0,0,0,0
6ba3c012a0d1d2e2e5f6347bda165d581100ca5db7abf4c8ccea5613894e7d7e,60–120,FEMALE,1,0,0,0,0,0,0,0
6bc1565d76c1aa4f39bbce21d68c16f3b3e1dc9ce625a1d66a27f1ba771621ac,30–44,FEMALE,1,0,0,0,0,0,0,0
6bdbf04a898c6c3cc891245f712834427c2cd5ac8c25adecd2dc89436a65db46,18–29,FEMALE,1,0,0,0,0,0,0,0
6c28f0ce4366c2c813649d332c93d35d1fb0689f9a4c99e26b1a05bda0b6c220,0–17,MALE,1,0,0,0,0,0,0,0
6c357ebebf03863895b4b3e346a10b0ac5fb08e446825568173c4a0bb23cff1c,18–29,FEMALE,1,0,0,0,0,0,0,0
6c7a43fe28c26560090e28317c849b871e6f6c46f6468144444c6c5b8e93e735,0–17,FEMALE,1,0,0,0,0,0,0,0
6c8311df180710efff8c2f06a5816b6e1514d2b39231e9ab20328a4267fa68fc,45–59,FEMALE,1,0,0,0,0,0,0,0
6cfb347d2eb5d6aae0663060b6e0e76317850f355bcabdf0d0bea94a3de5af82,60–120,FEMALE,1,0,0,0,0,0,0,0
6d33d852badedce37ba08c3d82827c88842f8d7e68a9037a6673a7b63f7f906c,18–29,MALE,1,0,0,0,0,0,0,0
6d564e78c77df80ef7f3722ac50ae3daafa70a4334d1cc0b4c88b6b704934101,60–120,MALE,1,0,0,0,0,0,0,0
6db0ebd1274af61a706e612bf3e05bd22da833455342d482f91468651841f9a0,60–120,FEMALE,1,0,0,0,0,0,0,0
6e1dee2d34ac774185f5d0f9c0888b41bc1b0a0df8479006de157071bb9e764a,45–59,MALE,1,0,0,0,0,0,0,0
6e35ef70f3b65070d4c040b8690d5e77aad6f3e419337e8701ba90281aef351d,0–17,MALE,1,0,0,0,0,0,0,0
6e3a44883ba846c0475b4388c42bd3469a6a299acfa74d7f3bbb8c27f67dfd18,30–44,FEMALE,2,1,1,0,0,0,0,0
6e427b0698d7ccbb1017bfccad5bc8e712d95c128662460f996d117bc66921e7,60–120,MALE,1,0,0,0,0,0,0,0
6e80012b6a0eb1bfd67a697e9d3c51ce9310b6c04784d0237ff406dc58feb691,45–59,FEMALE,1,0,0,0,0,0,0,0
6ea87d59bee6d2f2e95cc848a268e27d37731307177ca61ef4a24f00fa6bd426,60–120,FEMALE,2,1,1,0,0,0,0,0
6ec2a371a217c90a798896c554c81ace5343363ff86eb8848e761e7f2e05fabd,45–59,FEMALE,1,0,0,0,0,0,0,0
6ed9ac02e6777d69178bbf74b689837c1cef3da874f5cd1b3d2b6991b1efad2a,0–17,FEMALE,1,0,0,0,0,0,0,0
6ef271feed623c14a1942bde8671cd2770c9243fdab398309c937d78a6dd1852,18–29,MALE,1,0,0,0,0,0,0,0
6ef5d8984250af530afceff00b684bdff51b7341154c3f3bb43c69f046303228,30–44,MALE,1,0,0,0,0,0,0,0
6f2b6153cde0c8ba2e7ae71c632ed583bf17d32d0884f2de19d5ce10b5a3ed9b,18–29,MALE,1,0,0,0,0,0,0,0
6f32a3caf88f8c2c175609c4316199d2a1c95b3fe830a7d503765fc44a119244,45–59,MALE,1,0,0,0,0,0,0,0
6f6c9433289d30561b5c2cf4ddb81ea7ca32a2ff26a273a548218cd1d9ab204d,45–59,MALE,1,0,0,0,0,0,0,0
7032af361aa4203764119523bc4e7db914e6e0f93385659f745c026d039fff35,60–120,MALE,1,0,0,0,0,0,0,0
70776cccdc73f857bc9251787640ddbc6ca10542e0545958e5c47decb2256cb1,60–120,FEMALE,2,1,1,0,0,0,0,0
707db1486c2694b83a1720a6be639153d107ca55ce0902780209c5af710a067c,18–29,MALE,1,0,0,0,0,0,0,0
7092a5904ef830eac4625d23d57ce41d41c46476ca4f68264dde71c26c90598c,45–59,MALE,1,0,0,0,0,0,0,0
70b8be9e63f7ca4fd4854dfd37d968fac929cf244b6d7ec12de9292797bf9460,18–29,FEMALE,1,0,0,0,0,0,0,0
70ba074c782b38141fc9e52d0ab1e6aae003e0031afd6e9a85c87f5d2efce7f9,60–120,FEMALE,1,0,0,0,0,0,0,0
7107a8b06167c8deeb29b3b06ac799b77e099c9d380644328f92821ff91dfad8,18–29,MALE,1,0,0,0,0,0,0,0
7132d1bb1c619546353453d475e58964d9bfddab9506d75ec3652da42fc0f8c7,0–17,MALE,1,0,0,0,0,0,0,0
71780db26ef56f0e456cf7c9ede43cc59493fd928588c23a783479dabfaea510,30–44,MALE,1,0,0,0,0,0,0,0
71b88196691d7c8b88bcb212928c7ac15dc710e6e93406fe80f8c0afb5d7a558,45–59,MALE,1,0,0,0,0,0,0,0
71bda43eef86708231a6e7053d72969cf48fe33e7c15bce94f0be6b239007dac,45–59,MALE,1,0,0,0,0,0,0,0
7326dce78636eaaa9f83b23465cf7cbce6e44e82cf1f54daee6acce8c0966a65,0–17,MALE,1,0,0,0,0,0,0,0
733b8f7bf55e3199fbfc1ed87c625b419680d57d79a1e2fdb7b67aec7b893f8b,0–17,MALE,1,0,0,0,0,0,0,0
73e708b9b9a4c8c11929d039bf3ec8ec3ba6261c33203fafae0bf3be4f2f8f10,0–17,FEMALE,1,0,0,0,0,0,0,0
7409fb56cac032c43c914ac1cc2cc953e8d9bb138dc40560a4095723b8510937,60–120,MALE,1,0,0,0,0,0,0,0
743e93fd228f0bc7e75c6bcfbcf28a0c9445b993d7735a5effa5f6648a56484e,0–17,FEMALE,1,0,0,0,0,0,0,0
7456b063654f49a77d1eeb1c7404b5fd0f18a3cd332bcfcedfc6eb78129b9b2a,60–120,MALE,1,0,0,0,0,0,0,0
747c76ac29bbc24702aa6654ac7594d6b31dddf81f3ab7692f56fe7695afa8a9,18–29,MALE,1,0,0,0,0,0,0,0
74a54d4cf0f7e823a253d77ebc2ffd5a536e5eef42ceacd17a567b02e39bc67a,45–59,MALE,1,0,0,0,0,0,0,0
74bf5dd6fa6bd0cfd8ab648c5498410a33a424eddfeb735edaa7fa4059f11abc,0–17,FEMALE,1,0,0,0,0,0,0,0
750f92cdcb421b785bb5be0578d589bca2d36a0441b800c2cb25eb8d1adeeab6,45–59,FEMALE,1,0,0,0,0,0,0,0
751a0892a10d89400bdf73d2b4e7a91116c4afec3786dcd92e78ef4cc341e08a,60–120,FEMALE,1,0,0,0,0,0,0,0
75641d4246daf08fc7327227cff3bbd1a1501e8f4d9330dc03133eb972b54a01,0–17,FEMALE,1,0,0,0,0,0,0,0
7565a99bea565def60680c635ecc35baf8f529b5abb8dd9a63397ffa9584a09b,60–120,MALE,1,0,0,0,0,0,0,0
7571c2f2220956bc7598c70449f37b694b5975cc4cdf4240f6526440f60a34e1,30–44,FEMALE,1,0,0,0,0,0,0,0
757853910b228c886e8347ed59e5d7509a716cad4739d0b79ae23557c8ed4157,60–120,FEMALE,1,0,0,0,0,0,0,0
758bc536e3a0c288478f15a119c037419e90e8024740d862be7e8302de0604ba,45–59,MALE,1,0,0,0,0,0,0,0
7598e422c5ed7f3cc6d750a0f569182a90b7b95f9a18d38165c63138e6496472,0–17,FEMALE,1,0,0,0,0,0,0,0
75c1fc5ae2ebdd3be2fc1beba9c19e914e9b747f8abf99aee1ba48ed01a1a48d,60–120,MALE,1,0,0,0,0,0,0,0
7600fa7e98650498f2329adec167afdb9bbda6b9749864ae5f7f1a8c5a143582,60–120,FEMALE,1,0,0,0,0,0,0,0
768effd592fb380fe2988e0c2ab4ca93402b9c90396cbf0c27383c6832c79cae,60–120,MALE,1,0,0,0,0,0,0,0
7723b0180859a81ccc4513ca61895da1b53f08f605445a64ab1ed52b4bbc593d,60–120,MALE,1,0,0,0,0,0,0,0
778e59cce1e8a4a38d8189f4ec73635e85e1b919b9480998153f6cd3bf414c38,30–44,MALE,1,0,0,0,0,0,0,0
783b8b3288d869306a55d7e05b331ee07f383fbee6c8faaa105b47a19bac185a,18–29,FEMALE,1,0,0,0,0,0,0,0
784553831dbbe958bce08b4041e90b57fe501189d1966230ca55e618b25b7776,30–44,MALE,1,0,0,0,0,0,0,0
78591bd5474a08da3d968124fec0e61ee5c14a5b9c206599e02b626ab138ba4c,60–120,FEMALE,1,0,0,0,0,0,0,0
78c46e275429b3e2a7da65cfd6c3e157abc452991d7f52354fb389fbad7334aa,60–120,FEMALE,1,0,0,0,0,0,0,0
79998b8ba2b71401a0946793385f60da0ea395020f68a230926d6a94d756a52c,30–44,MALE,1,0,0,0,0,0,0,0
79a736fbbb5fee742e1623a9a40b6d22a32047c2a98e8756f787c06f452d4050,60–120,MALE,1,0,0,0,0,0,0,0
79ba960fa8dc9c882cc233a43e13cb637598d1936b8c3506a722d0500c3a37d7,60–120,MALE,1,0,0,0,0,0,0,0
7a123f543a1ad29f5a7e335251c368530c43b32c2ad9a768dc02e80b9c624edd,30–44,FEMALE,1,0,0,0,0,0,0,0
7ad47c1fb9edbb896a21a93e274699120dcd231e048c33d278bcef7eb97920dd,0–17,MALE,1,0,0,0,0,0,0,0
7ae17e21e4eecdfea1c81ec6bd71126bf7ceb0fc6a445d797e16d2dae4c6d10f,45–59,MALE,1,0,0,0,0,0,0,0
7af64320567a2db12aea39d57c2b55eb929ab484c3050fe2998e9669e563eb99,60–120,MALE,1,0,0,0,0,0,0,0
7b10f8393cc58aae86dcfa37a3111d55ba34c0453b170e4934c87977cd21f541,60–120,MALE,1,0,0,0,0,0,0,0
7b1d29fac6c9df82e720499ca1e8129ea365a413782fae2b77af4ba557b56a57,18–29,FEMALE,1,0,0,0,0,0,0,0
7b9e204df09cba68fcb3f4f61b059265bbbcf59ad2ba5927ca9172d60858c541,0–17,FEMALE,3,1,1,0,0,0,0,0
7c63cd817693598693e7caa5f0a368d51509d76b78d874e0ae7bec081de33059,18–29,MALE,1,0,0,0,0,0,0,0
7cb9a31db9cb01a0c8d163415118cdbc47a6c22444635e642b01220279d373ea,60–120,FEMALE,1,0,0,0,0,0,0,0
7cef24efaf8941dad0e76958b39711b2eabd9bce2408b2fe41fddf49a17d65a0,60–120,FEMALE,1,0,0,0,0,0,0,0
7cf495928162b426ed028c251d0b1dcfd62c2aa81f9ff67ef3c80626524f2c4e,30–44,MALE,1,0,0,0,0,0,0,0
7d0223b0359303bae60ed4070bab0b14adb47cd19ddd5bc25d3d67e93d6e04cf,60–120,MALE,1,0,0,0,0,0,0,0
7d7a4e6a8e7b276569d2805e1c8f869860d7684f7d1fbb9f46ed5f10347520cf,60–120,MALE,1,0,0,0,0,0,0,0
7d84760c36f17d860eef766ce47a3af69b30683471bb6dccf29e2af7e473689e,45–59,FEMALE,1,0,0,0,0,0,0,0
7e9bf521225b67e52639d2db184c501f44cddc6b25a8e3028b50d5b79ff964ed,0–17,FEMALE,1,0,0,0,0,0,0,0
7eb04a8e4ef6456fed100b648da6aba120fbafc7e866dd3509629c4d80755d0c,60–120,FEMALE,1,0,0,0,0,0,0,0
7eb4efb9dbfc475c0b83ad9a07b74ee69da90e45d188f79ba45fca60ffbda8fe,60–120,FEMALE,1,0,0,0,0,0,0,0
7ed3861a70bf00a59263b29ce87ba6f5e17da4ab1efea072b489658999ad9392,60–120,FEMALE,1,0,0,0,0,0,0,0
7ee442fa67cc91266e4d315ae87e39f3f29412d25b3fdef4708e6f9c38c3a142,18–29,MALE,1,0,0,0,0,0,0,0
7ef64a736a7498bce896c172ddbde3cefa52cadc3d7c53c5cc4b682effa07e8d,30–44,MALE,1,0,0,0,0,0,0,0
7f6fea21a98db3acf7402db784abad9a9e824d55bbfb66764a0e79ed73d31db7,0–17,FEMALE,2,1,1,0,0,0,0,0
800d7f6c5e56261ac74739a13243bf6de4b6e118c9ab8db54aed11b64dba9583,0–17,MALE,1,0,0,0,0,0,0,0
802105b759cd16a4e07cadccc290b8f70fc5d62137f374e4bf46037cbb52794a,60–120,FEMALE,2,1,1,0,0,0,0,0
8042a91068d63f7ee3dc0a749958ba45f642bddc8bcc1ad0f0c1a2d8da244179,0–17,MALE,1,0,0,0,0,0,0,0
8063b6ce09e7b8b72fb2169f85974b67a2b9feedf1919f06e004091d794313a3,45–59,MALE,1,0,0,0,0,0,0,0
806e34152b05b0eafbd082978ca32d82fcc3bde68766be7783c856e8fe704361,30–44,FEMALE,1,0,0,0,0,0,0,0
8111ba2fe4fecd4b646e6e706c39ca7fbf6dd22046012f82ef363740b7744160,0–17,MALE,1,0,0,0,0,0,0,0
8152d895b97169a93c0cb3d264ad9cd92f262ae7abc735d42fe30faee1998d84,30–44,FEMALE,1,0,0,0,0,0,0,0
81a7a3008de1fa01107e87af433e6959c5d8c67535984469981b7a1dab452caf,18–29,FEMALE,1,0,0,0,0,0,0,0
81d49f5052fdb349e2b0187cba7ca1225b4653dadd8b27c36635e95fb496032e,18–29,MALE,1,0,0,0,0,0,0,0
820bee56a12e2e334bf589f0677cd9d55b4bf8d65c7a4935db07afcfc3a33898,60–120,MALE,1,0,0,0,0,0,0,0
82c5c91708fe21e206bbee70f3f88a5800d89a452a998096cd5d4f299859d85b,0–17,FEMALE,1,0,0,0,0,0,0,0
82e1f830b2df1bd0ff2def424f8a39b0012a94e0f4985cf4249d7bd1d8d021ea,18–29,MALE,1,0,0,0,0,0,0,0
832b15e6bec9e9420d204832ef01a23b4fda2125e2d99d3e8aa0dc92574c37eb,60–120,FEMALE,1,0,0,0,0,0,0,0
837888fe1415acd379e665ec31e958e8bf01c1ad44d87d13707b022dfd37dbd8,60–120,FEMALE,1,0,0,0,0,0,0,0
8395b17b615b8497a0ba49fc216193e27d6b8da5ab1d11ac4cef11c7dd5afd7f,45–59,MALE,1,0,0,0,0,0,0,0
83af86d304a8be22a7de5d4a1f0087476c854813188ed1ee213f76556a2f12be,45–59,MALE,1,0,0,0,0,0,0,0
83e00ea1ffb906e3b608a7f563eaf29c5572921fb0705db4cfa1321386cd5c5d,60–120,MALE,1,0,0,0,0,0,0,0
842308b784f84b9459db0df0c089afe05f7968e0ae3e70afa3214f9ea9b3cbef,45–59,MALE,1,0,0,0,0,0,0,0
8426694d0e3969b9b6cea5e43964ad0f0813dd29f9821d84f594fa75e29fc220,30–44,FEMALE,1,0,0,0,0,0,0,0
842b61ec54d0304025578157c515dff68653a542a29594ba1d60ad6a76683aac,60–120,FEMALE,1,0,0,0,0,0,0,0
84786bbb0907fb19e3c43c4003154f424ce4defccefeba9249d57c260d5d87ba,60–120,MALE,1,0,0,0,0,0,0,0
852b922392f3f8685d88149a335071c5203277769df9f4201c265e3dbbd115c7,18–29,FEMALE,1,0,0,0,0,0,0,0
85389853cd9d499b3cc495efb9506ed94a0c575e1660e6edd33ed1056646122d,60–120,FEMALE,1,0,0,0,0,0,0,0
857f3e4c0a81702eee12e2e628907201abc2593407c237787a36e2a665b2ba40,30–44,FEMALE,1,0,0,0,0,0,0,0
8690833b2d0e332071553b166f92f0cf6bd89388f10acbb4e27805ea8d187bf4,60–120,FEMALE,1,0,0,0,0,0,0,0
86951df3f812d8e91d1262f09ff435694ce36408d54cb09893c07f0d1b12a0bc,0–17,FEMALE,1,0,0,0,0,0,0,0
86a141f2d701bae458883780256ac8d7c656fa8e620f70c5f57f666f1b476c12,60–120,MALE,1,0,0,0,0,0,0,0
86c89575506ef78562e41f632e659422a955136fab65bec808b496e12f697322,45–59,FEMALE,1,0,0,0,0,0,0,0
8711a1b2f21db5d34b657ece8da7f938e4f29597cf64d56d79fa1f52b7a74c6b,30–44,MALE,1,0,0,0,0,0,0,0
8737ebcb20db1c2a2194a1d2a1feb988d274e3788c51a3a4ed55c4a5161d78f8,60–120,FEMALE,1,0,0,0,0,0,0,0
8786516e278e2e3573635994d31755dc9b77e01aa1fab6342554ae9627cbf96e,60–120,FEMALE,1,0,0,0,0,0,0,0
8812cb814420cf0694f8321ac050ba99c8d8b8ef34c22103666fcfe1e03bcac6,45–59,FEMALE,1,0,0,0,0,0,0,0
8846219c6607086903b41d48ef4fc2a65e836606c70c3463cddf3c8ecd5214fa,0–17,MALE,1,0,0,0,0,0,0,0
886da91a0a14b4343b2ae46e6fe1c9ba1c0d8324afe08ee87c01c40fe097c944,0–17,FEMALE,1,0,0,0,0,0,0,0
888701ac596d30229f22220b1cfea265c52fa2f1394b8cad5ec39225b1c4d38b,60–120,MALE,1,0,0,0,0,0,0,0
88dbf18bc52a459414368fa04d344207bf3d6cd6348bad7af3ce887694083b86,45–59,MALE,1,0,0,0,0,0,0,0
894d3a63e881aa38f385a450e1b9b55976d577c358e530248ed51beff722811a,30–44,FEMALE,1,0,0,0,0,0,0,0
898c4fa1ea41bb5c2d9fc4cbfe41dfd7e2492b3c503742b4e6e4a36d9722cd5a,18–29,MALE,1,0,0,0,0,0,0,0
89cc19c806c5a6eb762dc61d40787f0e55ffec91cc9ca77b7c48eb4ce9fae9ec,18–29,FEMALE,1,0,0,0,0,0,0,0
8a0434f3686330382cfe0f9da0f3f4d8313f1da05706b4e78d94007a7882e4db,30–44,MALE,1,0,0,0,0,0,0,0
8a9058cb2012c57ec334ff2986871ac3ab6a88e8af0b0f2eb713d82413e7e14b,30–44,MALE,1,0,0,0,0,0,0,0
8aa958633391f088f7d8aecdd58bbfac7d88bc430773090319858c6cc93a8ddb,30–44,MALE,1,0,0,0,0,0,0,0
8aaec980e6815d1afc14a2a4636402f959116670fc05ce22c9fc5f333a6e3669,30–44,MALE,1,0,0,0,0,0,0,0
8abac03bdedb1cf40eebaf71509bdf1a165babe3bd39221f5da43e081e1e84d8,60–120,FEMALE,1,0,0,0,0,0,0,0
8b25ebf2ed0ea6ce2f1c3d1a2dcf9276385ad82ce5dadcd268991a9026132ba6,45–59,MALE,1,0,0,0,0,0,0,0
8b5b6c89c6739c9ab9dd90154ae39c0198c78b777b69757d51fbead84b4d5fd2,60–120,MALE,1,0,0,0,0,0,0,0
8bf6784c6d3c8c20fc16453a4aa6322793259309e5530a6a53a5e2bee5a9ea3b,60–120,FEMALE,1,0,0,0,0,0,0,0
8bf900568a736ded4d8dfb2689f9112a398d8455c6996281cf22d7f0823299ab,60–120,MALE,1,0,0,0,0,0,0,0
8c1cf4cb98f1d82d453cdfb86f451cec24d2a712c4ba9e773ac8b05b8ef14ad6,0–17,MALE,2,1,1,0,0,0,0,0
8c227616c6181bfc91378dd0d4aac0f3b492d062115b9533aadba402ff0da05b,45–59,FEMALE,2,1,1,0,0,0,0,0
8c8c78485a28ce2f85a662d6483127d293af44c58647782ddf721d1a33f8b53b,45–59,MALE,1,0,0,0,0,0,0,0
8c99c05f67c2b9aa8596c94d85ac2cd342ea46e0f51c8ce5603675a0d241996e,60–120,MALE,1,0,0,0,0,0,0,0
8caa0f51c5b37b8149ea4480f3713b6793de40a2cb1bd39e475b6dce01714105,18–29,FEMALE,1,0,0,0,0,0,0,0
8cd464e93ff4799ac329e83526d329f412b6049d053f7cc08a414b47b4a84ef6,30–44,FEMALE,1,0,0,0,0,0,0,0
8ce8e5eb30b564d8970852feba6f322cf2dafb4b051e1cccbc32557835c7f621,60–120,MALE,1,0,0,0,0,0,0,0
8d9a2286350b6e72bf3e5f25c36f57e37a0ece81dbac14450e0cc254b46b7f01,0–17,MALE,1,0,0,0,0,0,0,0
8debc5cec8a5f6eda368d5164959a9423ac1996751a1775a8274d7bcaaa44f12,45–59,FEMALE,1,0,0,0,0,0,0,0
8e9f171b8728332089ddab82183c8a55799b05108a41b91016de7ccd02ca3f31,18–29,FEMALE,1,0,0,0,0,0,0,0
8f145f2598571dcdf06ccb6529dfa28fd53c504242e43202c6b7d0cade724d07,30–44,MALE,1,0,0,0,0,0,0,0
8f761f8a4a7532f63065496bdd4a50b1a7397930d93a9b513afca2dffbb247af,0–17,FEMALE,1,0,0,0,0,0,0,0
8fdeebe40880f65e79a9e5a383be22e3719ca7fa0f8354de8e364b252fe7052c,0–17,FEMALE,1,0,0,0,0,0,0,0
9081a1f070814c51bd672232e1db88b8d286924bc46902c7e3afce95fc6a3f52,60–120,MALE,1,0,0,0,0,0,0,0
90fa487fa9eddc632a83e03872ff6ae8363bd8e87f9e051477d2e5903329eb24,0–17,MALE,1,0,0,0,0,0,0,0
911a454f97793c48cf3c55dccab0ed43ac71ed2b1cedc1990882cc6153159919,0–17,MALE,1,0,0,0,0,0,0,0
917a21e50c855996868c16813a8f498eadb22918d40c12ce2a5b704fe399a3ef,30–44,MALE,1,0,0,0,0,0,0,0
918ea0db9982059aeb09d59d80c33026248b54eca8358cd804e3affadcbf28bb,18–29,FEMALE,1,0,0,0,0,0,0,0
91fb431dfb27c3c24dd288f21aadca0cb907765fca011dc904db4f933478f9b3,60–120,MALE,1,0,0,0,0,0,0,0
926349de57d52147c0dc2bfd7842690e696218cea58a60c66238ada79002414f,0–17,MALE,1,0,0,0,0,0,0,0
928c6687b93386a5dfb2bff73bc2bd377a5e7b33ebbb8c3ee781187f263b1b96,45–59,FEMALE,1,0,0,0,0,0,0,0
9291941cfc0a1ecb49dbae39d976b23b927664ae098df2769fea016222898b07,0–17,FEMALE,1,0,0,0,0,0,0,0
930f2a61e37a37fe9dc071e6794e8009a5283e921b5bf5a68d33e9bd049b6050,60–120,MALE,1,0,0,0,0,0,0,0
93179eaa5e4f7eba7462b58f31fc06a3e94c6bb818b3e67ecb4c456f194eec6b,18–29,FEMALE,1,0,0,0,0,0,0,0
932ed0b51cc9a2b12aa3aea07c489608dfcecef521b335907f9c7675e25525d9,0–17,FEMALE,1,0,0,0,0,0,0,0
93690c64b1200e7936119d0c88e6bbdbad1be85276118d57449a373820e15362,18–29,MALE,1,0,0,0,0,0,0,0
938183f4fbed699b3ec357083a8e918a37416f5df9a4141d255fee945c108218,45–59,FEMALE,1,0,0,0,0,0,0,0
9403fdcdf1d8fc1b1b686e7027e0fcba8d6ac11b4dbabcf9ea47820ce4c8ac3f,30–44,MALE,1,0,0,0,0,0,0,0
948894678a674c9568797b17d52cbca5702f807e65379dfd0639920426cb147c,60–120,MALE,1,0,0,0,0,0,0,0
94cfd81c19a57769b674a753cadc2495349744ba67578370a8ed7b7d439f6cff,30–44,MALE,1,0,0,0,0,0,0,0
950313c9b4ed89a432af910e76155a1f23508edf4ada055068cdccb0d60c30be,60–120,FEMALE,1,0,0,0,0,0,0,0
956b1f1d71207905834455183d51bde65a6f6429c72c47335d12bee55ae51d32,30–44,MALE,1,0,0,0,0,0,0,0
95ab7f49c6c95d9a91283d62f68df1668795a610e7f3b0f7efd2a4311bcf2bee,30–44,FEMALE,1,0,0,0,0,0,0,0
95b9247b5dc8f6f93d74694387d7c70f86e901071fb4834988fb68b759362ec8,60–120,MALE,1,0,0,0,0,0,0,0
95cc58eba6ac033d4fce597b5deb06f731b0f8417762f9fb56056976f8959192,45–59,MALE,1,0,0,0,0,0,0,0
95f23f68604c326a3002e45e4c9a988d6f24896aa5edeca7e62aae09294be07a,0–17,FEMALE,3,1,1,0,0,0,0,0
96621534665bd6173fe8a2bdc759551cc00891ab50b153b3fe4907bdeedb6eb5,18–29,FEMALE,1,0,0,0,0,0,0,0
9682ff18662ef97901ae23c4264db69456b5dba6fb907569ebbdd118e184b6db,45–59,FEMALE,1,0,0,0,0,0,0,0
969c72a8e44594ea59a8e0ea6c3667d6de1f7fa11097aeb16b83cc51bbbfe0a9,30–44,MALE,1,0,0,0,0,0,0,0
96e0307c3e996cdaa1defbfe87f2fa75f3d7659c3dc93035df39147bf25769a9,30–44,MALE,1,0,0,0,0,0,0,0
96e53824dc63f32a7257ea85ddbe442d4840caab4465e72328797804ad748624,60–120,MALE,1,0,0,0,0,0,0,0
97fac7768a8e45c660e4beda86b47f32336bb29eb337c7f5e5e25c3894e10a09,30–44,FEMALE,1,0,0,0,0,0,0,0
98037f421b6de588c03b036afb95e6acb781546117005c861dd0c88917f84790,60–120,FEMALE,1,0,0,0,0,0,0,0
9805507d2beae83fee5f1cf4c209b9c18101f8ada12c9efd9e59400d11c04278,45–59,MALE,1,0,0,0,0,0,0,0
98067164d9a9b8094a2ecc072285248fc81a615cfcff9ff416743cb12d053c0d,60–120,FEMALE,1,0,0,0,0,0,0,0
9841fda74b6cc882a53bb9f74a65cf62bf36ebba78482420df378a0c2e58ce13,0–17,MALE,1,0,0,0,0,0,0,0
9888a7a0982761c7751e04ccb1cf9348d864f7c678670c3327d3d647b56cdca3,45–59,FEMALE,1,0,0,0,0,0,0,0
98b9338a2bc03e4dcc59ce483ed52e65f8ceaf8c004120644b4307f39645da59,0–17,FEMALE,1,0,0,0,0,0,0,0
98c514429d4eb2b028d784853ffaa4decb6a64de1cd9875a93d68d3cc3b1bebe,18–29,FEMALE,1,0,0,0,0,0,0,0
994e4e4b9e4c55aa8fc02f2938cdbf819e684400d9911e49e2ca891c37e9a516,45–59,FEMALE,1,0,0,0,0,0,0,0
998146fc60a778af502805a0a033ad307d5e4a6e8b7c86971802efb7a9f04c51,30–44,MALE,1,0,0,0,0,0,0,0
999481d951b9a2b1f0de38f8eb431da8d01c9cbe3f7d1dea3148fa51b1327e38,60–120,FEMALE,1,0,0,0,0,0,0,0
99df5fb47e233bc11fd2b1a21c6ae68905ef1790c029bc313ddabd071f00c512,18–29,MALE,1,0,0,0,0,0,0,0
9adf3ee7e0383fdaa31e455a566e4d5ee8999785340c21e7834e7e545d771077,60–120,FEMALE,1,0,0,0,0,0,0,0
9b2f30e1ec17d4a3c3a305738fcfe98b2a82a6cad65df4da865c6c5b157c0009,60–120,FEMALE,1,0,0,0,0,0,0,0
9b427e42e6d55d3b93b4d1d2c49cbf640bb2b02b301766ab49ea647d4247b755,45–59,FEMALE,1,0,0,0,0,0,0,0
9c1c032199d5efc6e565a03676b27c371e055a1ae6c45914ab4876b2e2133a43,60–120,MALE,1,0,0,0,0,0,0,0
9c2135a5565760935c9ea3275535a071c0b29d9b1401db1e40e0c970300c3f6a,0–17,MALE,2,1,1,0,0,0,0,0
9c273b1ed41dc83527c1e1c894b39c3a7bdf68a17dec9c52865731eee1670c5f,45–59,FEMALE,1,0,0,0,0,0,0,0
9cc7e20ee40639ab4c1ab2c7de7ba8a8e77243394def898e296fb508ac09d320,45–59,MALE,1,0,0,0,0,0,0,0
9cf5830fb944667134b0a3e279c6faf50ee8edb0a3c31db121f7f50771f56127,60–120,MALE,1,0,0,0,0,0,0,0
9cf84f35476357ca1ebc55cc48c601697b1969ec33f74425057e28c8b749519c,60–120,FEMALE,1,0,0,0,0,0,0,0
9cff33f9cbb54b0c0e4be562da782825f65136241dd520502ea325e259e7efb6,60–120,MALE,1,0,0,0,0,0,0,0
9d484c258601f2ad8d312aa4908f1faa943c82b7494e5f3d694e578093a7de9e,18–29,MALE,1,0,0,0,0,0,0,0
9d5ef91b572219250eda341d108ed10b43befb84b60ff641a2c270fa55f8cdde,0–17,MALE,1,0,0,0,0,0,0,0
9d65937a4de9f686ab2a8bc3b62a01d051d08102bd5b864a58a19abc13884da4,45–59,FEMALE,1,0,0,0,0,0,0,0
9d8ba5369b1253e63f9892ae8be947d552d8fba90e4755dbec982d40e74305da,45–59,FEMALE,1,0,0,0,0,0,0,0
9d9164dc737811531319182ac56d1d0b3da00b44e4255857928a39d3c0a84faf,18–29,MALE,1,0,0,0,0,0,0,0
9dcd0a1b5dd3d0b73ba600a5a405efb5698c26f702c61ef1925f8d1db7310a04,45–59,FEMALE,1,0,0,0,0,0,0,0
9ddc24280241da11f7e9dcda573bdeaf26e2c5b5dca89f1250d048f68ec0c942,18–29,MALE,1,0,0,0,0,0,0,0
9de842dc53397c5483b4fd46ad4b3871d8a762e506c8431da2141ff17f711165,45–59,FEMALE,1,0,0,0,0,0,0,0
9e09c2f99250549c912f1b334bf9eaf648bb05ab9a553b325ec1c079f98a0ca5,60–120,FEMALE,1,0,0,0,0,0,0,0
9e942fa70fd6b4e1cb040428843ab8cc2a20dfecb4cfb9c114a538e1577bc65a,0–17,FEMALE,1,0,0,0,0,0,0,0
9ef64c24e0675aced2ad9ebab36add89a8086f6cfed58680b0f707348377fbab,0–17,FEMALE,1,0,0,0,0,0,0,0
9f15bee0fa06a7bdb1f9e9dd5e932407afc409c2a2b97cfff294d8519b513499,30–44,FEMALE,1,0,0,0,0,0,0,0
9f705aed469b2fe5fb985964d00cc1374cb201077096b05e9d0bfc76152b049c,45–59,FEMALE,1,0,0,0,0,0,0,0
a04f633c13da5d641bc84c59235c132347d96ec592595cb9b726316b0fcc9228,0–17,FEMALE,1,0,0,0,0,0,0,0
a0ab8ee25e17ea0ee0b7babdfa441341671a493bcd65bf81c905a820860be726,45–59,FEMALE,1,0,0,0,0,0,0,0
a1d8ae038b9b9500e996279c190f29de54d8cb3c82f83044485aafe0bcf7a98e,60–120,FEMALE,1,0,0,0,0,0,0,0
a25a8756694a1dc907d3e6b834598a402cfa0f99d174e26e28386ce92015e748,30–44,MALE,1,0,0,0,0,0,0,0
a26ee3a60faa5977ee4af023b5bfb7fb277cc65021fd9ba4c33ad4b6d8daa2d0,30–44,FEMALE,1,0,0,0,0,0,0,0
a29f374aaa0e0aa926e4ce5cc7f22fdbe1b0abd1e4a558937d25962e3c075736,30–44,MALE,1,0,0,0,0,0,0,0
a2a2bac0211ade3590fe5d42d75fff529beadcfa6710c20baa4160230e4b2f21,60–120,MALE,1,0,0,0,0,0,0,0
a2bb9029d7aa6daab5a70f8192752bf8d9e47d81ada88eadfb5072fa4663f749,60–120,MALE,1,0,0,0,0,0,0,0
a2e752d113c9b4aaa0f395326f3035af2aa8b651fb4c78699c64f8fde7e80bad,60–120,FEMALE,1,0,0,0,0,0,0,0
a38521909f1bc72bd7f5b84f94c98dd0c37ca331043d54c1cf85f615d0f1c4cc,60–120,MALE,1,0,0,0,0,0,0,0
a39e2f3aaefc78a2e273ecc6e11d89dcefffc3afe0efe05e0bbdbd481788541e,18–29,MALE,1,0,0,0,0,0,0,0
a3a789b70143cf1a990892685a4d5f80549b068a5eb1c1e326f43dc0bbe2a95b,60–120,FEMALE,1,0,0,0,0,0,0,0
a480905ce92787fb47a1778313371cadbf478ae72dc94ad2bac08d224dbe32ba,18–29,MALE,1,0,0,0,0,0,0,0
a4ab9535552f99cd521bcc3885d4e3365d51db902ba27f581c6804c5c2a2557b,60–120,FEMALE,1,0,0,0,0,0,0,0
a4ac05271f7858c2a0da31f63a71a2a23d382ca0a425ee93efe2ec3d59b9eb11,45–59,MALE,1,0,0,0,0,0,0,0
a4d8f5497ca1e052c2407f0aebb233fd586bd1ee1814230e6c7984917838b890,60–120,MALE,1,0,0,0,0,0,0,0
a540c675becd39c726cbd7c139234e71bf27560b3dc3eb599b315cd8654b99be,18–29,MALE,1,0,0,0,0,0,0,0
a57cfa651e7effdb621da708bb26a29e73ccd56078d129f249dc30abc46b7967,45–59,MALE,1,0,0,0,0,0,0,0
a5d6deebadf0084064ae91898f66ddd60e726854cafd6359502ce292ba892065,30–44,FEMALE,1,0,0,0,0,0,0,0
a637db23319f48943917808d280443e19081fd3c035b86b0a088769d0c31ac8b,18–29,FEMALE,1,0,0,0,0,0,0,0
a655b47f8c80fbff597e23951a8ac466cc97207123f7467651352ed6e5ee7db5,60–120,FEMALE,1,0,0,0,0,0,0,0
a67f14e76f93fa481ef68309e82afbbe100640914bfe1e65e9c10139337d8b6c,45–59,FEMALE,1,0,0,0,0,0,0,0
a7062f65e7a1679d8ce3be45c3591de50dc316dd8fedc7a317c54a49e661cdb4,30–44,FEMALE,1,0,0,0,0,0,0,0
a70b23e0d19fb04a4d105f4a123525c28447c3cf738c6ffe316080f783b0a3de,60–120,FEMALE,1,0,0,0,0,0,0,0
a74d997e6a4dea74be5ece7ba41292f82e04e874eff2a83d7ea51cea50207fb6,0–17,MALE,1,0,0,0,0,0,0,0
a74f119ed56930519b0a0de97dc2280f6c5c582c92c07052daf2c31178068bce,30–44,FEMALE,1,0,0,0,0,0,0,0
a7999e7c440363a8d51f8f9ebb6d753abdb0f5c4f821fa8bb765d4451be16497,60–120,MALE,1,0,0,0,0,0,0,0
a84d228c3bf32651ae64abf2463f3d4170487804b34db99a8775a079fbd99ae8,18–29,FEMALE,1,0,0,0,0,0,0,0
a84d89345a154a13ed9b87da7fecd33ce738c2ac79c16a619eee2b1a9d2dd21e,60–120,FEMALE,1,0,0,0,0,0,0,0
a8c0de30e5feabf6c235d4436772c288707a61775114b3d5268a6469ed0da74f,45–59,FEMALE,1,0,0,0,0,0,0,0
a917eceaafc63a0447a90c0a459f6c5ae031752c20d623062e0445f83c31f0e7,18–29,FEMALE,1,0,0,0,0,0,0,0
a96b81854f981fc16437b3f5c3688ae2d047cbca10949d23a380e0dfbeac2b79,60–120,FEMALE,1,0,0,0,0,0,0,0
a973f7ba34f229e0e283ab85ee134befa12c528b26ff608351e70d482a387aac,0–17,MALE,1,0,0,0,0,0,0,0
aa01fd0908a20bc7687b172d71ecb456909de6be1d60705217d498146e841a4e,18–29,FEMALE,1,0,0,0,0,0,0,0
aa10ed16e9240f0235b782f282de6978aa2ac1e868f8892d73e9294ad96502dc,0–17,MALE,1,0,0,0,0,0,0,0
aab6faf09afb5802732a41957cc87ef31ebd34e631e4a00b09042475226ed6db,30–44,MALE,1,0,0,0,0,0,0,0
aacd934177f1028b39a7fc4bb3e9d4d85c12228318226fc010e0b17abd3bff00,60–120,FEMALE,1,0,0,0,0,0,0,0
ab20fb04ff08d7e09507c0369e53e59325a3d8ccd100f964eff18ada88382276,30–44,MALE,1,0,0,0,0,0,0,0
abb32a6cd7f6c070b507675e7501fa7b033ac6b08ba5404de26080429ea1db8d,30–44,FEMALE,1,0,0,0,0,0,0,0
abfa9462ef3970ec0d2d9ac94c262d02b50e773b5223ecd35b656b5a6838c9df,60–120,MALE,1,0,0,0,0,0,0,0
ac2580a3e71f560d99c9bcab47e7ffefbb01defa3fe4c532a566c0fd57085e4c,0–17,FEMALE,1,0,0,0,0,0,0,0
ac793a3a7ba1f5ce0b86e3b814d36007ffc23af2e63240974237cdf776105e40,60–120,FEMALE,1,0,0,0,0,0,0,0
ac9c440c91f177bc2c0d247873cfed28e21e8f2b66f3e1b8272d7878d866c951,30–44,FEMALE,1,0,0,0,0,0,0,0
acd231a135cfd628733d8f7d38a716003e8c9dc6de41f6903eeda8ec44cc0c1f,0–17,MALE,1,0,0,0,0,0,0,0
acf64599b96293bc2ad07d182121e8eab264be96b1ebeae5e2318162c9998f1a,18–29,MALE,1,0,0,0,0,0,0,0
ad518dd72a389319a918b2b3d3e3aee5a4fdbbaba56006d1e552c3068ea86a95,45–59,MALE,1,0,0,0,0,0,0,0
ad6643db0ee366cf43477a3ed5436300c48eeb44afaacb4fe9961c05cde24645,60–120,FEMALE,3,1,1,0,0,0,0,0
ad6e532897fd5206b2060be277124a361955322fe1dcd571f66c545dc20b0466,60–120,MALE,1,0,0,0,0,0,0,0
ad7d8796ed5b5569ef2b2ee0369270d90ff55e98c33a016a485d7e3c7e5d7614,45–59,FEMALE,1,0,0,0,0,0,0,0
ae2129ac520738458c6f36570b83c5905f574b7b1326af93da599987cdfbcf3b,60–120,FEMALE,1,0,0,0,0,0,0,0
ae29a87e6b4f68cbfe07b6c401f585b5a0a1fc15417b8460b94b0efc8f79943c,0–17,MALE,1,0,0,0,0,0,0,0
ae31539f9f87dc5f7b61f34adf56c5d73d6c4a5884f45368941fbbfc22bf5421,45–59,FEMALE,1,0,0,0,0,0,0,0
ae356009052290ac5792e2c643cddee971d8ca42b4231abf1005ae2b1c28849b,0–17,MALE,1,0,0,0,0,0,0,0
ae617b040e956c3bd378c02ed5a1abf33b05b7444267ac9d7cc9959a1d84b5ad,18–29,MALE,1,0,0,0,0,0,0,0
ae7bd8c412a94aa9e7f29c1128054687fd83b034c7bb0ac2318f501651429444,30–44,MALE,1,0,0,0,0,0,0,0
aed1eb52100ca7979ab6ec845952b2e68882d538f644b2c73f00707532affc3a,45–59,FEMALE,1,0,0,0,0,0,0,0
af0eeccadb67d2c7d63caeaac3a324661edcd5adde249d671949c7d492fec369,45–59,MALE,2,1,1,0,0,0,0,0
af2ed36f8eb37ce9ffa1ac250181af51a681b280c6a14bc20b226f250267b09a,0–17,MALE,1,0,0,0,0,0,0,0
af97d21659a3a11ce713edfb0a71cfd92ce23e9984e125d227a29519ba5a0b5b,0–17,FEMALE,1,0,0,0,0,0,0,0
b00f7131911b1d61d709deb18c40e204d5e67ee6163dbea369656a90f66e2cd6,60–120,FEMALE,1,0,0,0,0,0,0,0
b0370a0547bc6eaab500b848393c487a654238ad348424e592bfbd518adad00a,0–17,MALE,1,0,0,0,0,0,0,0
b03c70b124360e9b0f8d9218421c1c68f8ef9d9b4ea3c3e3ed988019ce1a80ef,30–44,MALE,1,0,0,0,0,0,0,0
b060ee8995b1e4e18aad0c7c38c02de97f66b7d9b63698f467bf948eb01a90ef,30–44,MALE,1,0,0,0,0,0,0,0
b069919afea285f92ea3e524b39251129c108bcd18a7b89ffb0dc634f93fc29c,60–120,MALE,1,0,0,0,0,0,0,0
b069b01fc07ffd092af4cddbd12d170c123f21ef78c45cc25a7d0f036801eb02,45–59,MALE,1,0,0,0,0,0,0,0
b07181694ef86f1ed283833c37f177e3ec2d74c66d4e7581e955e51b709b4767,60–120,FEMALE,1,0,0,0,0,0,0,0
b0723bd123215b85edf91d6c68416e3054455b0b73f8f113afcb4ddefebe79fd,0–17,FEMALE,1,0,0,0,0,0,0,0
b076e1d79dca18b97ba5b519166404223cd5c197f32d840e5222ee7a085e7373,0–17,MALE,1,0,0,0,0,0,0,0
b0a97c3ecb3440afcd443e3c1136e56d462d9ea95ede05942ad6f16a06aef12a,60–120,FEMALE,1,0,0,0,0,0,0,0
b0aa6599906c0a1e66638e7c4641068853b5b6e20162367f3df3608860507489,60–120,MALE,1,0,0,0,0,0,0,0
b0c653f5a0a622756a725ae1781afda2b78583644c7b4429540db01f12cbe169,0–17,FEMALE,1,0,0,0,0,0,0,0
b0f2482b0488e3b63cb558b86b61b0dc15033d3a6fbee59d137395fa7ae10e7e,18–29,MALE,1,0,0,0,0,0,0,0
b142fb13d1c37ade64824c6cce170e00961d5c6f5f86b1fd8ea9062a034e751a,18–29,FEMALE,1,0,0,0,0,0,0,0
b1888607b88e4e3731475a6b1ebb2775923f6406d347de1741f851e457c98eed,60–120,FEMALE,1,0,0,0,0,0,0,0
b1be64e8eaccee44f075c6114edf0d974c593f2cea8b18647a536292ea206406,60–120,FEMALE,1,0,0,0,0,0,0,0
b1c3fde6169cb0cede238f5c87b2d74b5395f1083d7d09333c9d5b558066c7d8,60–120,FEMALE,1,0,0,0,0,0,0,0
b1ce85e5e4bf27668dfad239ebfa6a04fd9a4255e8c05e9b76c74e86e996c176,60–120,MALE,1,0,0,0,0,0,0,0
b1f8c001b194791fac58f2c172b200b70bb98c385585afb4667fd59d819dcfb5,18–29,MALE,1,0,0,0,0,0,0,0
b24c796b9005d210a9743bf62d498e93c06a82b4736b107fb305e87053d4d4ca,18–29,MALE,1,0,0,0,0,0,0,0
b27a148eff821024c1efb365eb2b854ac234f92ef8142104d2002e8cf24c94de,60–120,FEMALE,1,0,0,0,0,0,0,0
b2ce686ceb2287b998eb324d64b3244383b5cc75f92de1c70143d13dfe351686,18–29,FEMALE,1,0,0,0,0,0,0,0
b2d582a3062b2fd16f4d7a39d114f2f804611b859a0b6b0d2b9cf59e4e3a827e,18–29,MALE,1,0,0,0,0,0,0,0
b31f01b345b195677d33f1c2ee75c39523cf11af0141f8013f4b8cf0e6846e4c,30–44,MALE,1,0,0,0,0,0,0,0
b32aae4eb57ae6ce01513e2980aa6dc30dfea8682ad7b144f8b2f2ca556b84c9,45–59,FEMALE,1,0,0,0,0,0,0,0
b3a39fca8898f4da781cc72fca7a93430a94fef57cc502eb8595fa14338f13c8,60–120,MALE,1,0,0,0,0,0,0,0
b3c3f57791ec0822059d251bf9fd7b99902522c8431563fe2fcc3779c3cf357e,60–120,FEMALE,1,0,0,0,0,0,0,0
b45f5dfd1f9c3c7306107f0af83b4c651ff811183cbecec107225a633c9a6cc4,0–17,FEMALE,1,0,0,0,0,0,0,0
b491e89d02aa9d67a05ca54e4fb94d1d7868a6b835ad62ce85e1a7b65ae1c6c3,30–44,FEMALE,1,0,0,0,0,0,0,0
b51e97dfa6292ab81724ac8d9c21beaf23934451d6080ca88c00b589ffea39a4,0–17,FEMALE,1,0,0,0,0,0,0,0
b5893b9762d3731c87ff3b4f30c3ccc52319f5ac9a991d780cef0bdf353fda10,60–120,MALE,1,0,0,0,0,0,0,0
b5cf38628cdf5875ca897e42e1213dc9b1343926843b68e56c740d21d2c86548,18–29,MALE,1,0,0,0,0,0,0,0
b61d9ad0870149bec38d8c8a2c2d85d4bc448cdbbf8cccfe0abaec92b33e3374,30–44,MALE,1,0,0,0,0,0,0,0
b626e673517e0bb77d2b92ee0797cdf58870b263a0773270d69cd654e00382cc,30–44,MALE,1,0,0,0,0,0,0,0
b656de7f5284c1011d9146c6888b6d0711163e37f6f88ae78956265750e41b24,60–120,FEMALE,1,0,0,0,0,0,0,0
b71a1b18cb9c29bf7f3d615dabff99bc470a172456f5d4dbd586d84e5b7c7f41,60–120,MALE,1,0,0,0,0,0,0,0
b7306a8a97b7f889592b40be5075731bb083286e6b5a4bf00279ea2a50f3c606,30–44,FEMALE,1,0,0,0,0,0,0,0
b74d3a73874c9f44e19b9b2e0772ecc76950ffb2b759ea217326031106d3c712,60–120,FEMALE,1,0,0,0,0,0,0,0
b7820087fc969240dafa7c5ec47a7b1267d207d88c47278767a1c45ec8e1c81c,18–29,FEMALE,1,0,0,0,0,0,0,0
b7c9fc309b2456d95b3f8b76bf00e10dce69b8016cd20f4c6caa916cb7af53c4,60–120,FEMALE,1,0,0,0,0,0,0,0
b8853db02f03e32c59a925439741fc58c25269db0eb277fda62876c458e1f5fd,30–44,FEMALE,1,0,0,0,0,0,0,0
b8b4dd7b7d8837413d6b7f245ba3dd68fb5dac9773bc4352e7387b17f332dea7,0–17,MALE,1,0,0,0,0,0,0,0
b8e90e9fcb13a7f13dd391126a65c06ed98e8896c815f4efcd78307a847fb575,60–120,FEMALE,1,0,0,0,0,0,0,0
b8f446bea909e2b5c701332850b9269a6e96095c597af2bd734a699e4287e894,18–29,MALE,1,0,0,0,0,0,0,0
b93fdcd4edb95a4e3162a3c5336fbcc2a0b7b63d2bb3d32053700c68c77a826e,60–120,FEMALE,1,0,0,0,0,0,0,0
b9727c79ba7f17252a76d385a251c08e9043ff06f77030509aea9a6e029e138b,60–120,FEMALE,1,0,0,0,0,0,0,0
ba2f0ed1e059e6ddbc8b85fd8008ac09ea6d5b467cf1f8cca347e79383c0fe6b,0–17,MALE,1,0,0,0,0,0,0,0
ba992598789465620e1cb1bf3fa0cd88450acea7dc560fc10738ac2cdea53803,45–59,MALE,1,0,0,0,0,0,0,0
bada98cb3e72ea60b3dacdf9c99e0d2c11e6c7f6b60240091fb6f93284a0478f,45–59,MALE,1,0,0,0,0,0,0,0
badd40b6486838f1206edcf76b000141e6f1f739bc8f8d34830e29fa6535fa3f,30–44,MALE,1,0,0,0,0,0,0,0
baf60546218522727d470c9d755de3f2ae551e21910fa0db95ba1bce3613f055,0–17,MALE,1,0,0,0,0,0,0,0
bb0d74f9220f976db14f33ca3033b66919c630dfc1018aabca17de82ee85f8be,0–17,FEMALE,1,0,0,0,0,0,0,0
bb23dbbb43a27d3b60eed103a2f55cef1b0407939ac6d96057aedd862fd2fd84,45–59,MALE,1,0,0,0,0,0,0,0
bb379fb33257832f37708bdc405d557f45c60436e6b40f688613147fc8a22520,0–17,FEMALE,1,0,0,0,0,0,0,0
bc478364fad82d420b7c769b64baf931d40394ba4e507f24f7337d662fb9c27d,60–120,FEMALE,1,0,0,0,0,0,0,0
bc5555124a5daef5cb204f49962d217f9ef2a5663a2bc5a652004a2b3a92db24,18–29,FEMALE,1,0,0,0,0,0,0,0
bc9672430f371d789a80daf1fb40093d27fb15af0c3e19f007d54160e365a1d6,0–17,FEMALE,1,0,0,0,0,0,0,0
bcb0bf9faa0386e300de767f444af6e3e050a9250a765af397af4521b5753fd7,60–120,MALE,1,0,0,0,0,0,0,0
bd01792dc0a1b4ed0d733fe07d1d134b8cd2482e34b60583f86a3d9689ab5ee2,60–120,MALE,2,1,1,0,0,0,0,0
bd6460bb3129df5cdbdaf2e0c6f2cf8adde80bba0c69c04a701c7d8eaee943ce,45–59,MALE,1,0,0,0,0,0,0,0
bdf8208413240afa2a34c2aa8497d36c0d1fcb5e68d34e300f86c1acf80b7eed,0–17,FEMALE,1,0,0,0,0,0,0,0
be5a5d903d6289546b75eaaff1eb32adbbac3105e54d19164c29df3cc1b59922,60–120,MALE,1,0,0,0,0,0,0,0
be9e15cc6ed77b88bdc12d4d3bce73400a2ed900270bd0cb63d85d9e157142a8,60–120,MALE,1,0,0,0,0,0,0,0
beb3639de560935e5ca098c2c2a972d04b0189b58a96754962f686ffce8185c6,60–120,MALE,1,0,0,0,0,0,0,0
bec6b8b69f41c94f668f08f7bb30a4454d220af74853d7851d49715712d1ab54,0–17,MALE,1,0,0,0,0,0,0,0
bee97bc4b6229f5a2c9874b612c0a8e5974ffca343a9dcc41f9f0a61341a6d82,0–17,FEMALE,1,0,0,0,0,0,0,0
bf316603b037c95f2a15521a2504b62f2f2c994475cf7bd993246c477e645047,60–120,FEMALE,1,0,0,0,0,0,0,0
bf5eb15434c5683afbbed238461fbcf7162ac5df8467d71e25010e52001d1c82,30–44,MALE,1,0,0,0,0,0,0,0
bf981fb66fa3c33debb1f4da6690756fdba977f00c9f70c7fbe00d21893c1e7c,45–59,FEMALE,1,0,0,0,0,0,0,0
bfd6e374348cecaec29c9de2116c95439842d52fce48a64748a8b57530c0151d,18–29,FEMALE,1,0,0,0,0,0,0,0
c08b3f5854ff8205006d10d2c449bccd6217768dcaffa7a4edb98cc1671e5e2f,0–17,MALE,1,0,0,0,0,0,0,0
c096ef74994d1e639f109dc491a9512ec55f099dc3468c678b69ca760758370f,60–120,FEMALE,1,0,0,0,0,0,0,0
c0990afafcff39f2ebe3fb6678f331c0879c5b895276791f88f772afc9eb9dcb,30–44,MALE,1,0,0,0,0,0,0,0
c09a7a6c37951b5dc174ed9e97c22163a366f02e4c038fb0a711b3603ead592f,60–120,FEMALE,1,0,0,0,0,0,0,0
c0b3385915953beba1996542ae45dcdadd2545b68e6356424cf2e72499aa7f1a,18–29,FEMALE,1,0,0,0,0,0,0,0
c1a214e182c7997c65edfd156395c5dcab50bc88337de2ca5a0593b9e887c722,30–44,MALE,1,0,0,0,0,0,0,0
c1cfa678ee4e001f2fa68e6ea7b119f02f619d65379b55bc4b6b3fd4fb73f47a,30–44,MALE,1,0,0,0,0,0,0,0
c25b62d8d43f38e827e5e9e7e30167075e4d11d5d87c4dd49ff82ee5c368fedf,18–29,MALE,1,0,0,0,0,0,0,0
c2627280b171bb788521bc2363631bf5b37a9ccbfd844fdd8b35b384d87dc1b4,60–120,MALE,1,0,0,0,0,0,0,0
c26bb3c20ebc27952988ae38edf1dccb2b8a10f4acdd6b6c30e78f29bd5fd5e3,30–44,FEMALE,1,0,0,0,0,0,0,0
c29db7541adba6ed163d56ac9a7e1c9c77fa8e5fbc7ded5d99e4fb21892a4b79,0–17,MALE,1,0,0,0,0,0,0,0
c31390294d6b64e8c9fd8811e9e5097e844107eaee0c909b536b70336d83bff6,0–17,MALE,2,1,1,0,0,0,0,0
c3394aee98b27b08799488419e687802a7bbbc92ae4e226f901b352c7500eece,0–17,MALE,1,0,0,0,0,0,0,0
c346aaa4ced706f9b0dc15b220d645ae3e160971c0205a4b6673d98865332e94,30–44,FEMALE,1,0,0,0,0,0,0,0
c3503827f0a8137b87ced685f64e8e1922cbf91fdf60aa856c0c4f92053e30ff,60–120,MALE,1,0,0,0,0,0,0,0
c35552c281bc2e05a60b2afffd2d13c5463b6cb25a16767e988230b001f5c76b,60–120,FEMALE,1,0,0,0,0,0,0,0
c37fe6b197a92924a4eec1e9478f40c8cbc5adccf2c7bc70203077a32b96f489,18–29,MALE,1,0,0,0,0,0,0,0
c3961661d0257c947e70ff56927a7581603f8df049572248e6a9db03b7b08f7e,0–17,MALE,1,0,0,0,0,0,0,0
c3a7250f883f87bb0505c1ad9410d5734c412babf7329aab62985e904859d492,0–17,FEMALE,1,0,0,0,0,0,0,0
c3c28ffa18b7131973d46f2bd83292f9860bc143aefb4b7ed7c2728db0e6be02,60–120,MALE,1,0,0,0,0,0,0,0
c3deb60d1b440cf960a21211531af48c5fffe39a70183c53218486ea1812f6d1,18–29,FEMALE,1,0,0,0,0,0,0,0
c3e48032891625a6b131f9bfcbf903f14292408d2b36db0aa6f7278a73da683c,45–59,FEMALE,1,0,0,0,0,0,0,0
c3f87d591eb97f83bb2cd54123ed962cb638cf2bc449238be6ac417912bfd44e,60–120,FEMALE,1,0,0,0,0,0,0,0
c4285addd054e94a81dea3016c91be4c8ca8dfd33840709f77c764008f61ffbb,60–120,MALE,1,0,0,0,0,0,0,0
c47a8c35fa5e391a623adecbdedb1f414eb75ba87446983e89c55b700848d255,30–44,MALE,1,0,0,0,0,0,0,0
c4966f8eb45aaf9810745fe38bd5330d4554ac9d81d2a654917cc00cb5c47867,30–44,MALE,1,0,0,0,0,0,0,0
c4a60a4528ad0c2fea188cc417318def2360be8b4d0d9f7da3993fcfb613be73,30–44,FEMALE,1,0,0,0,0,0,0,0
c53a3b6639d7082d2282d417dab1fad723ebbd8761388a733dc95ed3ca5fbe72,18–29,FEMALE,1,0,0,0,0,0,0,0
c564fc369093a40d948bed1e69764ce74ed7c5402337fba83216a148e51da7b6,60–120,MALE,1,0,0,0,0,0,0,0
c5ea3550182a423924072b4f98c7bfd21dc307bc4cdb4bacb6773f3545784b03,30–44,MALE,1,0,0,0,0,0,0,0
c64a381e912edfd7533c94326219bde44184e903acc2bdcfa8dd4a9d12440219,60–120,MALE,1,0,0,0,0,0,0,0
c66cca299e1e757b7227d9cb63652f356f64ccd06d8e0385f4fb574849821bdd,18–29,FEMALE,1,0,0,0,0,0,0,0
c6e569a1fbee6f5f025e42cddbc4e5a61eeb93705e0f8a0658531c257c346b87,0–17,FEMALE,1,0,0,0,0,0,0,0
c6f098e362c412621031146081d862786a8fd0d0ab6b7b787899f4f926aac637,30–44,FEMALE,1,0,0,0,0,0,0,0
c72e28233e45b98765e66670d3c527212a431903db007ad9bad2b78439c533e6,45–59,FEMALE,1,0,0,0,0,0,0,0
c78c7f627838bf26494b025409281a9948696820f363e2303dd0e55212e81c3b,60–120,MALE,1,0,0,0,0,0,0,0
c7f2c92b31bfc9c036b9c2edda928f0e86a40059529cd3050505d9bcf46789db,60–120,FEMALE,1,0,0,0,0,0,0,0
c82decc0501e4d7a066e43801bb8c00a50febb551e23c5415c4068f6f3ce02e0,45–59,MALE,1,0,0,0,0,0,0,0
c8682b72989217f8f02ba3900a7b4c65415b11a02c882d41c43cd003525fbd9f,0–17,MALE,1,0,0,0,0,0,0,0
c86c94391810d5b1fa8d915fd3966f5f3d20e90727c6b554713ab9bbd0892a7c,18–29,MALE,1,0,0,0,0,0,0,0
c88fcebce831912be218724a0128448ca012d069a88f197247f1887d4b0d90e5,30–44,MALE,2,1,1,0,0,0,0,0
c8977db7639c009891d3e7681a22881305c6d34577652028e3b6ee59a9f7629f,45–59,MALE,1,0,0,0,0,0,0,0
c8e41d389dc75e872459ae05a2ea217966347b816fe35a1cc6b147d0c0ff0ee7,60–120,MALE,1,0,0,0,0,0,0,0
c907aee94cd129c7b054bb028853ed162e29725bb9caeb823fec721f9af07c61,60–120,MALE,1,0,0,0,0,0,0,0
c978d7c9b669403fd0c219d0b94e96b83fc0f348722b769c409c1fd15f8f2d1a,60–120,MALE,1,0,0,0,0,0,0,0
ca046527b4c6c3ab145268e3e5a9c4648c52e4f6fcc490b63848c0a5c0f175c5,45–59,FEMALE,1,0,0,0,0,0,0,0
ca31203ccec629f960c737c29ef237b9d2a527a1d795ac30beffdecdfc5ae986,30–44,FEMALE,1,0,0,0,0,0,0,0
ca7a45f33340461558b25355e87d14ab894c61bb9b34255a1e746bbc2a5b0f11,18–29,FEMALE,1,0,0,0,0,0,0,0
ca8021b8aa2cf6c931a18ce61560decbe2756bd503b5ec8fe8df26375a6a0e9b,45–59,FEMALE,1,0,0,0,0,0,0,0
ca8d26c8e89bfc0bbebd95f30d1cd21b76c4c53cec5a18a818d83cf358f7bb97,45–59,FEMALE,1,0,0,0,0,0,0,0
ca92672ac20e673d0cb56ec2bd9a74de336cc3a6236cde8d8c05fc2208197ff7,0–17,MALE,1,0,0,0,0,0,0,0
cab26e39e2a067bca2af795c8476b730eacc7e3931bb1d81dc0e5dff41d638ac,0–17,FEMALE,1,0,0,0,0,0,0,0
cac33faf5d8cba8c8b8c9c8422c758b62f07e7a8f23adf4542e5f382646eb719,30–44,MALE,1,0,0,0,0,0,0,0
cbe046e1c4c2d6ebda4681e4d42622594f09dcbc9128a4622b8e2445f415b3be,60–120,FEMALE,1,0,0,0,0,0,0,0
cc6ab5c5957ff1b6fa2dcfc46da9d8e4d3365344b6754ffd3128d560c007c9c9,18–29,MALE,1,0,0,0,0,0,0,0
ccb187bc0345dfb9b35119d9b275889dfbdb9033a258a149ade6da9e92a1f05d,30–44,MALE,2,1,1,0,0,0,0,0
ccd5a65548c4cf2491078f591b9ac97d277df6fc9307a42c64d0ba027310cbfd,0–17,FEMALE,1,0,0,0,0,0,0,0
cdaff16261ac5b041aa6a99e95b588e92f6b36750e38e90dfcea5adb93b0ccf8,45–59,MALE,1,0,0,0,0,0,0,0
cdb47505d03a7d59f4b11c8153bbb3d9e2d442dda0e2a9a94f98c150988ac1d0,60–120,MALE,1,0,0,0,0,0,0,0
cdd295666e9d702898e0429d232e896fc3e801e6b3cb078624b89e3c54d7be65,30–44,MALE,1,0,0,0,0,0,0,0
cdd837dbf910227c17cb70b1b3cd0377f75281800639191b53afc8440eed6328,30–44,MALE,1,0,0,0,0,0,0,0
cdf69f5ff103172085b7d842a3f2ff3ea5587a739389476894079943ea2e7a16,0–17,MALE,1,0,0,0,0,0,0,0
cea5b432d47b2ad621903adb7b662d076a9f0e42de7cb2f8d6c3887a18ec6689,30–44,FEMALE,1,0,0,0,0,0,0,0
cec41333c3200ff69e5dac02096af94a6cea5a357a82c9e973b9c2c4c1ab0d2a,30–44,FEMALE,1,0,0,0,0,0,0,0
ced548e77d8df968cabf30ea5c4b79e0d390f468a8904fbb35a1930594c1c1f1,60–120,FEMALE,1,0,0,0,0,0,0,0
ceda62cd817919d08cc40d58db2cdfc166f1bc6531789c4ab382ebad4d70428d,60–120,FEMALE,1,0,0,0,0,0,0,0
cf9b752175a1baa61ccbde061514caa73df27cbd1100143557b3ac065e948a72,18–29,FEMALE,1,0,0,0,0,0,0,0
cfd7dae1814aed6157ed965759121d6b9b2c0726e82aff86ca2da724ca3a1788,60–120,FEMALE,1,0,0,0,0,0,0,0
cff7f95ab489dc0af142fd6b254c073051272d6584dfb04637d4284048becbc1,0–17,MALE,1,0,0,0,0,0,0,0
d046ed42bcc627ab214c575aea92f9557ad05a71a92400cb1c9b79de8aa12fa5,45–59,FEMALE,1,0,0,0,0,0,0,0
d05c9aba133e569f6c4bc0e32464e59fd0abed4a75f311b14ffb27de0c0ca2e3,45–59,FEMALE,1,0,0,0,0,0,0,0
d0a7d6c67c5cf47da02ba5ad789091cb5fa48b232e6cbcb089d2b0016118e713,18–29,MALE,1,0,0,0,0,0,0,0
d0b8c426c8bddb0a8b18cebcc00a75f5c3bbff7e85abf9687c03f6e2c3fa1ed1,30–44,FEMALE,1,0,0,0,0,0,0,0
d0ecdb92d2e61187c96083aab9bba9fc56f106cd01265e30f6a7a3a2e99ebed3,0–17,MALE,1,0,0,0,0,0,0,0
d123934b2d28acfdbeab3b9a72222eb8b08c8d977e79930dfe9592f6753c36cf,30–44,MALE,1,0,0,0,0,0,0,0
d149992cb5a54cfbfe8779fc7e8b645e6edcf25f471802605c2325c842adb5a8,30–44,FEMALE,1,0,0,0,0,0,0,0
d1f748bfc9f3f6a8c4110f0e8a66384fbf9927148acebb11444c576937c697c0,0–17,MALE,1,0,0,0,0,0,0,0
d332db4f026e60591207c87ad5328ec681883370dfdbfd8f704935004d21dd2c,45–59,MALE,1,0,0,0,0,0,0,0
d374513d16d3e2a9008192b04e94e8792360f9a81051802740ae4a03a131dca4,30–44,FEMALE,1,0,0,0,0,0,0,0
d386416d66bd5e3398c6e13d77bd0ddad1806650055798019889feb5aa4ce116,30–44,FEMALE,1,0,0,0,0,0,0,0
d3aee1da75163bd3f8e51a944041cab9b46d679cedea92b1f1d6201eabd623ae,18–29,MALE,1,0,0,0,0,0,0,0
d4658addc2ecff00a95cdb2212d0e9b42eb15df2a71df4be4f02ecb1e677e7c1,18–29,MALE,1,0,0,0,0,0,0,0
d4d3b49af4ae87a3ecf8f19cdf47874e5b1bf8d997ff32666cb1f676e658c318,45–59,FEMALE,1,0,0,0,0,0,0,0
d4e80597af681739e1d041bc5e21c13f54310cb36d6967276a5bb4753c586573,45–59,MALE,1,0,0,0,0,0,0,0
d510ebf9f8122c7010cbd68d9b01090e77f8805dc04caa5e9322b39189c1331a,30–44,MALE,1,0,0,0,0,0,0,0
d5ec00f8b2fde81c83c32fbe6321634e0d02efe0970d08140c88724f7c75fb82,60–120,FEMALE,1,0,0,0,0,0,0,0
d69286543d4c450cadb2a17d85395568b8e8b9797f11fc667532302009792660,60–120,FEMALE,1,0,0,0,0,0,0,0
d6ba5826f97c667ae4fca61d14c8c47236fa4a59cc737df9948108efc0c031fe,30–44,MALE,1,0,0,0,0,0,0,0
d73cdf5b05f8db66ad0a5944d96b246da21d0d4e131ac9b5d4cbb0dd39807a1f,60–120,MALE,2,1,1,0,0,0,0,0
d810db1929b421a78a79251f91d0ad9c2fed52754323d6f90bc07ffc3b7f0f28,45–59,MALE,1,0,0,0,0,0,0,0
d815ba6c04fdf32794c8b1a31d6e2406a8d2d37d5e78a46163176291ec15684a,60–120,MALE,1,0,0,0,0,0,0,0
d84872550f3f0e0c88771762543503331a7e8e4ede47b1c0e555cf3867b165bf,60–120,FEMALE,1,0,0,0,0,0,0,0
d85f8afcbb70eb7a9f8c3ef3492438758c4ba72ca3a55addb1f6e065e9495d3d,18–29,FEMALE,1,0,0,0,0,0,0,0
d8ba87156df10b7a74772e3e51411e85eb09fb3f6bbe6561002b2146e12fbe26,0–17,FEMALE,1,0,0,0,0,0,0,0
d9609ab62667a870f3a914967ca34a26c10d5d0f774aac92b335f32d33a63474,0–17,FEMALE,1,0,0,0,0,0,0,0
d9a43d1f55753411de6dd30827ce791527c0fc64cfcbabc3acf92d6f2eff5694,60–120,MALE,1,0,0,0,0,0,0,0
d9b56e3a337dc20859cbd8967f517b1e2303006cef42c55050c35cc1b6495c17,60–120,MALE,1,0,0,0,0,0,0,0
da0e3d6192247b220186b89141607018c3558e1d25032e14cb5bc5b06028e591,18–29,MALE,1,0,0,0,0,0,0,0
da1de794d8b73a3f38aac7762bcc36b24e80db055325474c0c3df92c0ff15b10,60–120,FEMALE,1,0,0,0,0,0,0,0
da3128b065f0f715198061c911cea0198c92f3496764ba7365ece9cd2aeeab6f,0–17,MALE,1,0,0,0,0,0,0,0
da33e5342efc1e8c33b88b99b0f0bc7c9e61a6a708c278dfc85c7ed06e6a86b1,30–44,MALE,1,0,0,0,0,0,0,0
da5993cb48b555e61098496fb86cdfaa405911f9e88ca2c29f36d5a1195db3ea,0–17,MALE,1,0,0,0,0,0,0,0
da6d20babea1475458b732593cb82ceb18fdef6d189ce651e6c070fb152f7a09,0–17,FEMALE,1,0,0,0,0,0,0,0
da9e355c785c02e29729b2588fb08a2cf57ea1959436b8d38504d692b7cf2d7f,45–59,MALE,1,0,0,0,0,0,0,0
dabd36b46c3bbdb5d11ca480cc231b0f4bcdf7ebd63a88b92d6fc350fc2b97f1,0–17,MALE,1,0,0,0,0,0,0,0
dac630d9bbebaa68fdcfc75a88af43500b766a417c900ba999f39d05cbd7ebc2,0–17,MALE,1,0,0,0,0,0,0,0
dafa60df0316ad5cb565837d31eb9abf113250f6eec20a2a6388096738e4d2db,30–44,FEMALE,1,0,0,0,0,0,0,0
db666f1feef2d590628a51db69980680887341bf125eac1b3a151c864ab22439,60–120,FEMALE,1,0,0,0,0,0,0,0
db9232bcbdc143e1f41448d0aaaed732935a407f43bec0c8a24a3816521e5ffb,30–44,MALE,1,0,0,0,0,0,0,0
dc2aca3cb83ef8ea850ebeafa58537809958ff6e8f24d5a82458cb55b0ffd8eb,0–17,FEMALE,1,0,0,0,0,0,0,0
dc831fe3b7202c2f9893f67a6526a513c2362aad42ff4b3adb6fd8affa0590d8,45–59,MALE,2,1,1,0,0,0,0,0
dcdd1b404d737da8d42a8c1265baf37a04deed29e4c1377ae471b83409e4b828,18–29,FEMALE,1,0,0,0,0,0,0,0
ddb73bf39ef594b66db0e53a8793fc76843d8950f298f79dd3b502a5d6f8266e,0–17,MALE,1,0,0,0,0,0,0,0
de0efce29d7303a122ff78e8c62a172defcbd726b4a522434bea0eeecad3e4bf,60–120,MALE,1,0,0,0,0,0,0,0
de3d45c68ef9b5903169ad73d306113b4d95fd753c35a98e9000b34c0e1e0349,60–120,FEMALE,1,0,0,0,0,0,0,0
de60b16aaa79d1773738bd85209ec7f9f30f4280874ed3ac6994c9a0db171243,18–29,MALE,1,0,0,0,0,0,0,0
deb61cd2f1ebf917ea05d4b58366bd69e185e8d444c6daa8d37fda9621693bc7,60–120,MALE,1,0,0,0,0,0,0,0
decc733fa87586bba37131cc868a15cef3f5dfa7365a19ddc2925f190d432c28,18–29,MALE,1,0,0,0,0,0,0,0
def0585f0fee0835b8323d983f93d5ed014f454d2a5d71b3d185e7fadd71d69e,0–17,MALE,1,0,0,0,0,0,0,0
df27058b978438264a4f0a5261dfc2680643d29d8d844826ed57392a0d2f129f,60–120,FEMALE,1,0,0,0,0,0,0,0
df3ee51aa40a9cb963cd042ba2abc4b8df28e277daef28802217373b551a7b99,0–17,MALE,1,0,0,0,0,0,0,0
dfab32652c01e85187b5e93692a06ed0b2892a1b142d3fc4eb93669b5aa33cf6,30–44,MALE,1,0,0,0,0,0,0,0
dfac84b6eff1fa37f43470018d7d90c32a7d2c418c67e03c6f0a91cdfc81ec05,60–120,MALE,1,0,0,0,0,0,0,0
dfea53516f4d8755901d1d87b51a7c3cdcbcb643e64528abb3102205f738a962,45–59,MALE,1,0,0,0,0,0,0,0
dff5f2417cdbde880ffacbac7c4ff9e7667d738900a97c182a8b3fc2d2b84852,45–59,FEMALE,1,0,0,0,0,0,0,0
e04468aac90ccf41f8546952501fd8944d441ea9af20f94a82fd3b658f534169,0–17,FEMALE,1,0,0,0,0,0,0,0
e058e6c3226c6886a022664316a83177b07a2b75ce695fd808ff50456d356ddf,0–17,FEMALE,1,0,0,0,0,0,0,0
e0976d41194ca58dc3b4221c237e8ee87da027282950ba2c1100b9e089940acf,45–59,MALE,1,0,0,0,0,0,0,0
e12b0116c2cbba9aacc730e6544420ff56ca8b7039af5e312d83d27bff4317f7,30–44,MALE,1,0,0,0,0,0,0,0
e1430ff6f3cac803663b0fab8a51f61a25628c8cce1a292a875a6551e8c83440,60–120,MALE,1,0,0,0,0,0,0,0
e16788bd39beaf2be79370c6efe89f94764c44e5096fe30db3ece0e7741e7e71,30–44,MALE,1,0,0,0,0,0,0,0
e1773abb5284f01817ee224d007cd564a187b5c538e87ecd99a3e2b39561d075,0–17,FEMALE,1,0,0,0,0,0,0,0
e1d5eab591ced9fccbf6c5c007f694d44211e146fe24bf491075d22f50fd4f16,18–29,MALE,1,0,0,0,0,0,0,0
e2180441b78c27118037886215a0da52d9b34e44b6f0bb26e3ee510acf03f5d2,60–120,MALE,1,0,0,0,0,0,0,0
e252ee3f8927729faf60fe3a9f3c2e55b8174b44c97ef5f1cc752120ab1cbcde,60–120,MALE,1,0,0,0,0,0,0,0
e263235f113fead08cbe529a9c69ecc52e882b6d2a24f79e9e0772a2c48e8821,60–120,FEMALE,1,0,0,0,0,0,0,0
e2bc573fd2efe4260e73a0c9bda6c66045e415bc6b41ae2584a3add0a2cf4cb8,0–17,FEMALE,1,0,0,0,0,0,0,0
e2c6e2403be96f7e602e72cc59d2e769cd09468756222980842a161b1155198a,0–17,MALE,1,0,0,0,0,0,0,0
e30ee7734dba405d1d06c09e4c86f973bead405ac4b8e3f20448a30a7471cd80,60–120,MALE,1,0,0,0,0,0,0,0
e31ac3701c2586322ad629d03ecdf4a211253c419fcdf123de3bd28b16356a61,30–44,FEMALE,1,0,0,0,0,0,0,0
e3ba1c425c15aa0dff90e388b7dbf3153acd72b073eb589a1bde11d8aa17824d,60–120,FEMALE,1,0,0,0,0,0,0,0
e4416c916aeb017687f68cca9f514dd3decd79ed7ee1ed6f02f0b024e870950d,18–29,MALE,1,0,0,0,0,0,0,0
e4471fbbf5282e4b27e6ce1bae16c18d2a6753e0409d9cbb14fc0c77d670ce0a,60–120,MALE,1,0,0,0,0,0,0,0
e4b677f7f75b0e312302aa4694a34e6e221308acf4bdf03fb8df328c989900c3,18–29,FEMALE,1,0,0,0,0,0,0,0
e4e0f111bb15a57e2476464fd7ee2bc1837e734b4ea680e0515cd1fc0fd5fb2f,18–29,MALE,1,0,0,0,0,0,0,0
e556f7707aebc250094916c194633669a3421d53e85a0179683d204a1c932ad8,60–120,FEMALE,1,0,0,0,0,0,0,0
e55787b44b43ce59588aab02618a61b3bbece9e87d00d92c5841499c942b9c37,60–120,MALE,1,0,0,0,0,0,0,0
e59ce632412807541c48a361ea1239649276738da6279798e80e4cd4736733bc,60–120,FEMALE,1,0,0,0,0,0,0,0
e59f95b63fc701026c0ec17784248c3d7b1365c6d6937b771e2fb3b8ea2bb0f8,18–29,FEMALE,1,0,0,0,0,0,0,0
e5a045df4796ebcc95a85c14c09da61b9bdeae9c75b04aed37b695897e78fe1d,18–29,MALE,1,0,0,0,0,0,0,0
e6eae56dc519b27d041689b689457a18be25f3797971925841e9b2999ef167bd,0–17,MALE,1,0,0,0,0,0,0,0
e704b5fc0829bbd1e4726951e343874b2415a59dc60b647f829e27b82ca05dde,18–29,MALE,1,0,0,0,0,0,0,0
e740df815fc16ca8254b0c226f6ea68d319d4aaa98a30a58965bc19b9bcb5824,30–44,FEMALE,1,0,0,0,0,0,0,0
e742ed4f7d50ae16e9e4c79c2ea6c2183c1c2072b483ec866778da8747609bdb,60–120,MALE,1,0,0,0,0,0,0,0
e79fef023ca5afd2708333e2550a426dc858a9eae57d61439a9f73b065560acf,18–29,FEMALE,1,0,0,0,0,0,0,0
e85d3ac7ebe9f625b0f6dfec97e7d8e55fb6b05adbf9d02edd4b2b18c215f6eb,60–120,FEMALE,1,0,0,0,0,0,0,0
e85fff2c4fa877a6d7c0f7cfdb421ef26c15c60098314e0595617e18ea696aea,60–120,MALE,1,0,0,0,0,0,0,0
e8bad8db13c0e8540d63860fcef31208e2fcb3a84e6b91306bb99786e6624a4f,0–17,MALE,1,0,0,0,0,0,0,0
e91904328ff26bcb75cb1f667de1ad9923c59bb16583f117c2ab3fbf2f7056cc,30–44,FEMALE,1,0,0,0,0,0,0,0
e92ceac2b5a252f9555d0b2bd93ba26d192f417f0ded498b686c22d0887ea0a3,60–120,MALE,1,0,0,0,0,0,0,0
e94c363c1787f511ba193cf26735d5bde56689afc5b388a0502bb8a57efef476,60–120,FEMALE,1,0,0,0,0,0,0,0
e980638c7cacd0eabf13209e25bd064848a673cdfe7302568fbbb12b209f1f70,18–29,MALE,1,0,0,0,0,0,0,0
e994eeba46f7a6259d100d92957c1571660cfb9e63994e4965ffe5021dfc43ba,30–44,MALE,1,0,0,0,0,0,0,0
e99ee6a87e48a1e98c8595d8ea061022bc3b9969b2aa827b41467339babb2908,0–17,FEMALE,1,0,0,0,0,0,0,0
ea108e51be334382c40ec4fdc55b6735b378f7d6f55359f4775d3bbf30985279,60–120,FEMALE,1,0,0,0,0,0,0,0
ea586b1b9ba7dfbbdf579d4c31c90e4b01b07bec762ab017ea54be0fb6c0423f,45–59,MALE,1,0,0,0,0,0,0,0
ea72a45acada6613ca67d277ef751c47c64af0121a1c8c7836d5c6410634751d,60–120,MALE,1,0,0,0,0,0,0,0
ea8e62c8812349ebfe50bf345e937a7a71b8fb17370bea917e0ea8ab16a6fcd4,60–120,FEMALE,1,0,0,0,0,0,0,0
ea91b97fd40ca87152fbe974cde8956d2dc96a52a4188d5e7eb5e03bd1043995,0–17,FEMALE,1,0,0,0,0,0,0,0
eac0d94397219d51ed51b47ea9b5fe242a5703d7da24fa13bdfebc98761089c9,18–29,FEMALE,1,0,0,0,0,0,0,0
eac4ef2c0a56060dccde1b6fc2eed556940eb21b6b7b6326b4258b91a07b9e67,18–29,FEMALE,2,1,1,0,0,0,0,0
eacba1c0e4a3a98f8d3a50f3776854ca5a68620bf847c01a9dfeafa98d43e333,30–44,MALE,1,0,0,0,0,0,0,0
eb3004b4c3f120973e88936f0dafca20d8920783674125c0fa1f402e4c85a518,60–120,FEMALE,1,0,0,0,0,0,0,0
eb4a026e7b9b3f8547907c15c2eac0e9f59969f8bf63dcd40dc38d9b9ca279ff,30–44,MALE,1,0,0,0,0,0,0,0
eb939d8b48d678e822bbf6cd2e7e149766f2e4282030f6308ba2fd81eeb246cf,45–59,FEMALE,1,0,0,0,0,0,0,0
ebbe10318ec63216fd407ecc68b8e2a181d1b75421d175a34c82254aedf00d32,30–44,MALE,1,0,0,0,0,0,0,0
ebe88e8ee68a222012e434d8072ef5355dea6706e0bdd214bbbc5d53a06d4e9a,60–120,MALE,1,0,0,0,0,0,0,0
ec0140cdbbe08c37b941cad0419314e325367383e6d6aa883941eb47ef29bd1b,18–29,MALE,1,0,0,0,0,0,0,0
ec48a6d7529789e88619f0e33d6fcf785c486e3ef2c42544b2bb1eba464a4f4c,18–29,MALE,1,0,0,0,0,0,0,0
ec74091c0294ba3369cb1cfad6f49325d574f75f5c1fe217023989c8921608a9,60–120,FEMALE,1,0,0,0,0,0,0,0
ec95157c0b80bd63a2ebeb853bbca9e404904b2b814bd484dc3913ac0c6a0c00,0–17,MALE,1,0,0,0,0,0,0,0
eca62ccada1ad46a11e98d28e14529aa4d9527975f64a255b1b608d6e0abf79a,0–17,FEMALE,1,0,0,0,0,0,0,0
ecc6747e1b9e5dded3e6feac7fb3bbba5ec42695e3ad9176353a56b698d78089,60–120,FEMALE,1,0,0,0,0,0,0,0
ed4707f20757c4ea594baef476fa0a2b4ac0467fc1cafd3f9abc967d39554fd3,60–120,FEMALE,1,0,0,0,0,0,0,0
ed60ab79e8570482c44a771380a6e21c7f27cad585b129f17344d3180315d0ea,0–17,MALE,1,0,0,0,0,0,0,0
ee14135ec7ec4e75b8a501c8220da7874186cb4f459e25b9a2e3b5501919b251,18–29,FEMALE,1,0,0,0,0,0,0,0
ee14afd6a0db70af2cf22ce08020a9095d964c4aa286e96904e3309114116bc8,30–44,FEMALE,1,0,0,0,0,0,0,0
ee20f012c21eda0472314c6b0e892e7716b4660e264f7470f8d7932a346a02a7,0–17,MALE,1,0,0,0,0,0,0,0
ee4b1b99eb63145ebb7389362b95191e87fdc1558f7b102a2974e377168c3506,60–120,MALE,1,0,0,0,0,0,0,0
ee741dda0d3ea7fef7845e33de94289b721f8765431d98ddd799f967b3b17dee,0–17,MALE,1,0,0,0,0,0,0,0
ee7f334c16fdde5bb2b98b3ce668cfcf476dd5e8743622704d9679a67aeacfc3,45–59,FEMALE,1,0,0,0,0,0,0,0
ee9f24fd683a64d58667b8a82a1ff7f03e1797b9111e7cdc3f62172533ac906a,45–59,MALE,1,0,0,0,0,0,0,0
eea2e25f9241c3a0fdce117d83cbf3e647dce62ecb3960bad1af640f7d59e226,60–120,FEMALE,1,0,0,0,0,0,0,0
eeb15fe7633fcea2206f29f5c6b3e20e34e1b44580fbf2c485ae864885acfc8b,18–29,MALE,1,0,0,0,0,0,0,0
ef0181f2594702cdd63695dbc3f6dc65af428076de2d01bb9b2ab0ca92bb01c6,60–120,MALE,1,0,0,0,0,0,0,0
efcbe9ba74b916d6d57f9d21a7f100c54af1f94b3e18b7d64ddff0badb549b9b,60–120,MALE,1,0,0,0,0,0,0,0
efee70e64aee0d5244b3310b6abd6b13e7ae8f3b754c378de032451309e1ccc6,60–120,FEMALE,1,0,0,0,0,0,0,0
f024c26572aef05685787c6ad1a46715a230babb9489ab33b41524b9f0dfde69,0–17,FEMALE,1,0,0,0,0,0,0,0
f042a186dea2a4f22898cddebd713637937d619d205234df9985782bc675df3c,45–59,MALE,1,0,0,0,0,0,0,0
f096adfdfc48987433a352c20ade0bde8406b856a283659f930e5f1b1e4cb883,45–59,FEMALE,1,0,0,0,0,0,0,0
f15d14820a067adef41cb1db919139154e91ae82e21b9289509e7f17f912b762,45–59,FEMALE,1,0,0,0,0,0,0,0
f1d1b4dc1cc1097e5ea93d849fd8fc284b9dcc30a8ed3ca29043550188bb5f7a,60–120,MALE,1,0,0,0,0,0,0,0
f23729522f18a7c9d9b02305c2eee6907780e40dc04a5b83fda83d04412ed997,30–44,FEMALE,1,0,0,0,0,0,0,0
f23bdb47423b6b941fdc8c2297f32fb87941aa1e6da3dd97e3c10fc495ace834,18–29,MALE,1,0,0,0,0,0,0,0
f2950c105334a33ab672057445de4cd9b873d0bf3d2fef5722674ec5d710541b,0–17,FEMALE,1,0,0,0,0,0,0,0
f29cc972e9f613f99e37f5e203bda3d93bace5d40abec3d98dde3d8e78cd2d4e,0–17,MALE,1,0,0,0,0,0,0,0
f2b8a5b467646d94e1c9cc737176e007acc06d59c5a944bac9ec54ffb140922d,60–120,FEMALE,1,0,0,0,0,0,0,0
f2c011e52f7854f4da3a8f291ac8a433856a6cf950b0c65fb07c2c98640ad743,60–120,FEMALE,1,0,0,0,0,0,0,0
f34804cf490fec6b3156c7d70f2e19f9d6cd8b9d1372b3cbec45ef2e222e76bb,0–17,FEMALE,1,0,0,0,0,0,0,0
f3e7aaffb141d69eb5065c57172906f89137cc37cde19d2d5733067da77b541e,45–59,MALE,1,0,0,0,0,0,0,0
f40d20710751a622239d6ddb3a8626043c10d33923ca5aa660e7238d99883c6c,18–29,MALE,1,0,0,0,0,0,0,0
f41d07ddf31186b429994a421db28e291ba382fee3a75d3aefd3095cdca16dad,60–120,MALE,1,0,0,0,0,0,0,0
f48187d1393fb1f6309f5cd31311fce6eb22a8e1026dd97b9750383b7d59d95d,0–17,MALE,1,0,0,0,0,0,0,0
f4a195a4c6a4f82886d0a3591ecefdbae88c069637a96f00699f7d0ade568877,60–120,FEMALE,1,0,0,0,0,0,0,0
f4b8e5d326e60c092c8e128822ec7cb1211642d4c7a145ea76a9550c8fe4af14,0–17,MALE,1,0,0,0,0,0,0,0
f4cab4be531fcb65ac29db8f61edf6ebb308f9ebeb2f7d3a349e0e7de324c10f,18–29,MALE,1,0,0,0,0,0,0,0
f4e8227f01dde0d40f5ddf8fa4f8faf660ae8e68bdc99c960c2dc0539dc62312,45–59,MALE,1,0,0,0,0,0,0,0
f5184d85d46aa37165fadd09897276becc67bc3f49e577d7669056799b879308,45–59,MALE,1,0,0,0,0,0,0,0
f523fe4546f061dcdcb88e6152054e3ab201831afc55788f94ed89f6f73652cd,60–120,FEMALE,1,0,0,0,0,0,0,0
f5865ce6b1b47b67647b983325c40b85e80ac486a206bd291b41dbbb013b5899,60–120,FEMALE,1,0,0,0,0,0,0,0
f58c659824d08f76593dde72793c3ee371496b3b3027917ce880a2f10faeade2,60–120,FEMALE,1,0,0,0,0,0,0,0
f5ad6078d01a634039797e9813336f45a7a13af2c06b4fad4b9f12d83060d2ae,45–59,MALE,1,0,0,0,0,0,0,0
f6854fea1d3dd7765c1903a7f3a6d714930df4111967016b39a27567d6b03c7b,60–120,FEMALE,1,0,0,0,0,0,0,0
f6d381afeb2a1b074d9d98b979ec633b760156f93c5fe9bed00f026256729232,60–120,FEMALE,1,0,0,0,0,0,0,0
f72a707a9d2cb559466ee7f6e0709417273086f2c696acadff8fcb1f908cc6a5,60–120,FEMALE,1,0,0,0,0,0,0,0
f77628554a5688bb5b91c73691d71e92b3d075f4d81735bf8e2b6ae5429cd3de,18–29,FEMALE,1,0,0,0,0,0,0,0
f7bae2c3c9e0724332c41041cbc4c160337c147300c7a8a8ad62a83bb52af17f,0–17,FEMALE,1,0,0,0,0,0,0,0
f7f22cafd9d448b4699a15e1db0164fbfa6b2b8ff2db046918e4feeeab2e5b26,0–17,MALE,1,0,0,0,0,0,0,0
f7f2cc8c36f0baec0802ad1c1ce12cbdec080c2b611d00bce7eec4f6ff7adc47,60–120,FEMALE,1,0,0,0,0,0,0,0
f7f414719de20d46ad8b67f53c3b75880186ff1f690dbf5d78a4d7b685c7bb31,0–17,FEMALE,1,0,0,0,0,0,0,0
f8004a326991ea84b1864cb96604f173c8b7868f4ce5e1bb3f3f84b71226762b,60–120,MALE,1,0,0,0,0,0,0,0
f80e10cdb6fa7bb4a32dca31d7dedd7a8d9ab6dd18bbc37b101ed9727d58b42a,18–29,MALE,1,0,0,0,0,0,0,0
f8517ab7f3df103682227711d4de4820acc9b10469582c84d5c091989c79d5c5,0–17,FEMALE,1,0,0,0,0,0,0,0
f85cdaf9da00051b615aa5f32d59a7ca6d87974dc23af4c9a724cafed1d4ff66,45–59,MALE,1,0,0,0,0,0,0,0
f94e3fdbd1a5e3e5033f747a76d30b066eb8829c32de6321dd0b823b66ae17d6,60–120,MALE,1,0,0,0,0,0,0,0
fa287f7a5ff0bba216ce2d597d0f6bf094b29e974f87a8f65302e09a4f81e971,45–59,FEMALE,1,0,0,0,0,0,0,0
fa5a802c26995316ca82fe3cced99f4cf3f85b608e37e198e133e12506ce87c0,45–59,MALE,1,0,0,0,0,0,0,0
fac0118bf7d10227f4e64d2879d811c8b1deb6e1851c9c9c0651fc3e02362170,0–17,MALE,1,0,0,0,0,0,0,0
fb17bd4557232bd47bf8fda64b0fb4559c0bbe642be04eac59c545d53441ee64,45–59,MALE,1,0,0,0,0,0,0,0
fb435b4c398cfeb24b81c006c0b030b68135da0ff02455e522e7d3e3811deac8,0–17,FEMALE,1,0,0,0,0,0,0,0
fb8a41baa5668ccb0ef944cda28bbc960d6017e12c17b46d07aa9e6d53860d2a,30–44,MALE,2,1,1,0,0,0,0,0
fb8ae9a7b66814b07bae09d43f19e85e1f55e49dfcc136a240373d5ebb38cce5,45–59,FEMALE,1,0,0,0,0,0,0,0
fbafcbafc780cd22e58f02ad314cc107e5d05800cc95adf3e2b97b360322a357,30–44,FEMALE,1,0,0,0,0,0,0,0
fbb5ef6e88dc30454cd976c496e62c8a08efee4e5e3db5f2889b15e1be86cb67,18–29,FEMALE,1,0,0,0,0,0,0,0
fbb826232b71f639167f41a1803bc2b410afe8ac781180bf66eb5c2858486183,30–44,MALE,1,0,0,0,0,0,0,0
fbc7928aa5a8b9fb31c1bf69bf9e2a93c7245334777e0a8884ed68378fb266ed,45–59,FEMALE,1,0,0,0,0,0,0,0
fc7d6e5c50bb9ba8434092e582a37652071d903580825fc1bfc0aa668d11df5c,60–120,MALE,1,0,0,0,0,0,0,0
fcae87d305b20fa141a7eef1a7bd83019c2a97ec135bd6b7bcebb3dc5ce12a1b,60–120,MALE,1,0,0,0,0,0,0,0
fd32bd8df46e9803cc34da87a49a8c6984f57a8a80ccc10b7ae95efb770f2acd,60–120,MALE,1,0,0,0,0,0,0,0
fd3c8b3151b8705a7d7a77b9ca4fa9881017b1ac17ebea089c055f92003754c4,60–120,MALE,1,0,0,0,0,0,0,0
fd6ece4efe7b32cd393208d3f8547584d9e9dbe325bf7289c3ff917dcc19ff04,45–59,MALE,1,0,0,0,0,0,0,0
fdae61ee62478aa9c9edca3a1b361433459baff6124f51841bba4acd6ec2d3b9,30–44,MALE,1,0,0,0,0,0,0,0
fe1a5bdc23fe00270183de04bd7e0a3967e0a593686b5bc52bd89588050f7df0,0–17,MALE,1,0,0,0,0,0,0,0
fe5d93f943f9188856003e2fdba8b82db4b3be7c564045ab4ae394996dcfb855,0–17,FEMALE,2,1,1,0,0,0,0,0
feb7477aa13e1444dcb9833aac12c379315f9a37b60c09dc86f6758b0acb837b,0–17,FEMALE,1,0,0,0,0,0,0,0
fef144c4a41dfe2460fa6469e340bbd80a05331a52d6ec1ac1c76890939a5079,45–59,FEMALE,1,0,0,0,0,0,0,0
ff9cec0a57dee54e604c0eea6db1db121483836e36799beb15f88a55bed5457b,0–17,FEMALE,1,0,0,0,0,0,0,0
ffa9c115acc7897f6817c60358d9d35d7f7ff62cab5c703b984cf7a92c40605d,0–17,FEMALE,1,0,0,0,0,0,0,0
