payment_id,booking_id,matched_booking_id,payment_method,usable_amount,amount_missing,amount_blank,amount_nonnumeric,amount_nonfinite,amount_negative,amount_zero,amount_extra_precision,amount_usable,payment_method_missing,payment_method_blank,payment_method_unrecognized,payment_id_repeated,payment_exact_duplicate,booking_reference_status,payment_source_row
PAY1000,B1116,B1116,NETBANKING,9883.49,0,0,0,0,0,0,0,1,0,0,0,0,0,uniquely_matched,2
PAY1001,B1738,B1738,NETBANKING,8457.96,0,0,0,0,0,0,0,1,0,0,0,0,0,uniquely_matched,3
PAY1002,B1873,B1873,UPI,6495.37,0,0,0,0,0,0,0,1,0,0,0,0,0,uniquely_matched,4
PAY1003,B1914,B1914,NETBANKING,5079.38,0,0,0,0,0,0,0,1,0,0,0,0,0,uniquely_matched,5
PAY1004,B1967,B1967,CARD,12518.31,0,0,0,0,0,0,0,1,0,0,0,0,0,uniquely_matched,6
PAY1005,B1998,B1998,CARD,7319.71,0,0,0,0,0,0,0,1,0,0,0,0,0,uniquely_matched,7
PAY1006,B1544,B1544,CARD,8020.26,0,0,0,0,0,0,0,1,0,0,0,0,0,uniquely_matched,8
PAY1007,B1043,B1043,UPI,8291.60,0,0,0,0,0,0,0,1,0,0,0,0,0,uniquely_matched,9
PAY1008,B1508,B1508,CARD,7277.14,0,0,0,0,0,0,0,1,0,0,0,0,0,uniquely_matched,10
PAY1009,B1987,B1987,CARD,4585.24,0,0,0,0,0,0,0,1,0,0,0,0,0,uniquely_matched,11
PAY1010,B1164,B1164,UPI,2684.77,0,0,0,0,0,0,0,1,0,0,0,0,0,uniquely_matched,12
PAY1011,B1367,B1367,CARD,2379.52,0,0,0,0,0,0,0,1,0,0,0,0,0,uniquely_matched,13
PAY1012,B1856,B1856,CARD,11604.48,0,0,0,0,0,0,0,1,0,0,0,0,0,uniquely_matched,14
PAY1013,B1291,B1291,NETBANKING,4129.39,0,0,0,0,0,0,0,1,0,0,0,0,0,uniquely_matched,15
PAY1014,B1848,B1848,UPI,1779.42,0,0,0,0,0,0,0,1,0,0,0,0,0,uniquely_matched,16
PAY1015,B1855,B1855,CARD,12165.24,0,0,0,0,0,0,0,1,0,0,0,0,0,uniquely_matched,17
PAY1016,B1916,B1916,CARD,3156.86,0,0,0,0,0,0,0,1,0,0,0,0,0,uniquely_matched,18
PAY1017,B1897,B1897,CARD,9752.05,0,0,0,0,0,0,0,1,0,0,0,0,0,uniquely_matched,19
PAY1018,B1798,B1798,CARD,,1,0,0,0,0,0,0,0,0,0,0,0,0,uniquely_matched,20
PAY1019,B1875,B1875,NETBANKING,,0,0,1,0,0,0,0,0,0,0,0,0,0,uniquely_matched,21
PAY1020,B1736,B1736,NETBANKING,6802.73,0,0,0,0,0,0,0,1,0,0,0,0,0,uniquely_matched,22
PAY1021,B1285,B1285,NETBANKING,1207.32,0,0,0,0,0,0,0,1,0,0,0,0,0,uniquely_matched,23
PAY1022,B1203,B1203,NETBANKING,12774.63,0,0,0,0,0,0,0,1,0,0,0,0,0,uniquely_matched,24
PAY1023,B1683,B1683,UPI,8188.97,0,0,0,0,0,0,0,1,0,0,0,0,0,uniquely_matched,25
PAY1024,B1523,B1523,CARD,,1,0,0,0,0,0,0,0,0,0,0,0,0,uniquely_matched,26
PAY1025,B1818,B1818,NETBANKING,4317.72,0,0,0,0,0,0,0,1,0,0,0,0,0,uniquely_matched,27
PAY1026,B1120,B1120,CARD,,1,0,0,0,0,0,0,0,0,0,0,0,0,uniquely_matched,28
PAY1027,B1944,B1944,UPI,3644.17,0,0,0,0,0,0,0,1,0,0,0,0,0,uniquely_matched,29
PAY1028,B1755,B1755,CARD,4760.39,0,0,0,0,0,0,0,1,0,0,0,0,0,uniquely_matched,30
PAY1029,B1663,B1663,CARD,8481.40,0,0,0,0,0,0,0,1,0,0,0,0,0,uniquely_matched,31
PAY1030,B1663,B1663,NETBANKING,12656.53,0,0,0,0,0,0,0,1,0,0,0,0,0,uniquely_matched,32
PAY1031,B1187,B1187,NETBANKING,6625.76,0,0,0,0,0,0,0,1,0,0,0,0,0,uniquely_matched,33
PAY1032,B1906,B1906,UPI,11037.65,0,0,0,0,0,0,0,1,0,0,0,0,0,uniquely_matched,34
PAY1033,B1012,B1012,CARD,,0,0,1,0,0,0,0,0,0,0,0,0,0,uniquely_matched,35
PAY1034,B1602,B1602,NETBANKING,4028.21,0,0,0,0,0,0,0,1,0,0,0,0,0,uniquely_matched,36
PAY1035,B1199,B1199,NETBANKING,12300.69,0,0,0,0,0,0,0,1,0,0,0,0,0,uniquely_matched,37
PAY1036,B1585,B1585,NETBANKING,11603.63,0,0,0,0,0,0,0,1,0,0,0,0,0,uniquely_matched,38
PAY1037,B1767,B1767,UPI,5997.12,0,0,0,0,0,0,0,1,0,0,0,0,0,uniquely_matched,39
PAY1038,B1455,B1455,CARD,14853.28,0,0,0,0,0,0,0,1,0,0,0,0,0,uniquely_matched,40
PAY1039,B1447,B1447,NETBANKING,4676.01,0,0,0,0,0,0,0,1,0,0,0,0,0,uniquely_matched,41
PAY1040,B1787,B1787,CARD,4567.25,0,0,0,0,0,0,0,1,0,0,0,0,0,uniquely_matched,42
PAY1041,B1839,B1839,UPI,11811.63,0,0,0,0,0,0,0,1,0,0,0,0,0,uniquely_matched,43
PAY1042,B1840,B1840,CARD,7085.20,0,0,0,0,0,0,0,1,0,0,0,0,0,uniquely_matched,44
PAY1043,B1070,B1070,NETBANKING,5631.13,0,0,0,0,0,0,0,1,0,0,0,0,0,uniquely_matched,45
PAY1044,B1589,B1589,CARD,3501.28,0,0,0,0,0,0,0,1,0,0,0,0,0,uniquely_matched,46
PAY1045,B1795,B1795,CARD,11714.65,0,0,0,0,0,0,0,1,0,0,0,0,0,uniquely_matched,47
PAY1046,B1129,B1129,UPI,12008.51,0,0,0,0,0,0,0,1,0,0,0,0,0,uniquely_matched,48
PAY1047,B1888,B1888,UPI,8931.90,0,0,0,0,0,0,0,1,0,0,0,0,0,uniquely_matched,49
PAY1048,B1042,B1042,CARD,14402.39,0,0,0,0,0,0,0,1,0,0,0,0,0,uniquely_matched,50
PAY1049,B1519,B1519,CARD,5454.29,0,0,0,0,0,0,0,1,0,0,0,0,0,uniquely_matched,51
PAY1050,B1012,B1012,CARD,4074.67,0,0,0,0,0,0,0,1,0,0,0,0,0,uniquely_matched,52
PAY1051,B1724,B1724,UPI,10484.53,0,0,0,0,0,0,0,1,0,0,0,0,0,uniquely_matched,53
PAY1052,B1622,B1622,UPI,11617.72,0,0,0,0,0,0,0,1,0,0,0,0,0,uniquely_matched,54
PAY1053,B1987,B1987,CARD,4148.68,0,0,0,0,0,0,0,1,0,0,0,0,0,uniquely_matched,55
PAY1054,B1802,B1802,UPI,2072.55,0,0,0,0,0,0,0,1,0,0,0,0,0,uniquely_matched,56
PAY1055,B1534,B1534,NETBANKING,12347.23,0,0,0,0,0,0,0,1,0,0,0,0,0,uniquely_matched,57
PAY1056,B1301,B1301,UPI,14671.03,0,0,0,0,0,0,0,1,0,0,0,0,0,uniquely_matched,58
PAY1057,B1765,B1765,UPI,10025.41,0,0,0,0,0,0,0,1,0,0,0,0,0,uniquely_matched,59
PAY1058,B1526,B1526,UPI,4890.14,0,0,0,0,0,0,0,1,0,0,0,0,0,uniquely_matched,60
PAY1059,B1641,B1641,NETBANKING,14953.42,0,0,0,0,0,0,0,1,0,0,0,0,0,uniquely_matched,61
PAY1060,B1572,B1572,NETBANKING,,1,0,0,0,0,0,0,0,0,0,0,0,0,uniquely_matched,62
PAY1061,B1114,B1114,NETBANKING,8187.33,0,0,0,0,0,0,0,1,0,0,0,0,0,uniquely_matched,63
PAY1062,B1459,B1459,CARD,12554.50,0,0,0,0,0,0,0,1,0,0,0,0,0,uniquely_matched,64
PAY1063,B1831,B1831,CARD,12421.49,0,0,0,0,0,0,0,1,0,0,0,0,0,uniquely_matched,65
PAY1064,B1504,B1504,NETBANKING,14087.19,0,0,0,0,0,0,0,1,0,0,0,0,0,uniquely_matched,66
PAY1065,B1307,B1307,CARD,12772.93,0,0,0,0,0,0,0,1,0,0,0,0,0,uniquely_matched,67
PAY1066,B1931,B1931,CARD,10011.51,0,0,0,0,0,0,0,1,0,0,0,0,0,uniquely_matched,68
PAY1067,B1962,B1962,CARD,9530.25,0,0,0,0,0,0,0,1,0,0,0,0,0,uniquely_matched,69
PAY1068,B1324,B1324,NETBANKING,7543.00,0,0,0,0,0,0,0,1,0,0,0,0,0,uniquely_matched,70
PAY1069,B1578,B1578,UPI,,1,0,0,0,0,0,0,0,0,0,0,0,0,uniquely_matched,71
PAY1070,B1760,B1760,NETBANKING,12133.03,0,0,0,0,0,0,0,1,0,0,0,0,0,uniquely_matched,72
PAY1071,B1174,B1174,NETBANKING,,1,0,0,0,0,0,0,0,0,0,0,0,0,uniquely_matched,73
PAY1072,B1850,B1850,CARD,7542.02,0,0,0,0,0,0,0,1,0,0,0,0,0,uniquely_matched,74
PAY1073,B1513,B1513,CARD,9031.14,0,0,0,0,0,0,0,1,0,0,0,0,0,uniquely_matched,75
PAY1074,B1171,B1171,UPI,7227.28,0,0,0,0,0,0,0,1,0,0,0,0,0,uniquely_matched,76
PAY1075,B1996,B1996,UPI,10358.84,0,0,0,0,0,0,0,1,0,0,0,0,0,uniquely_matched,77
PAY1076,B1959,B1959,UPI,9818.89,0,0,0,0,0,0,0,1,0,0,0,0,0,uniquely_matched,78
PAY1077,B1501,B1501,UPI,,0,0,1,0,0,0,0,0,0,0,0,0,0,uniquely_matched,79
PAY1078,B1976,B1976,NETBANKING,8576.26,0,0,0,0,0,0,0,1,0,0,0,0,0,uniquely_matched,80
PAY1079,B1333,B1333,UPI,2238.82,0,0,0,0,0,0,0,1,0,0,0,0,0,uniquely_matched,81
PAY1080,B1283,B1283,NETBANKING,1369.37,0,0,0,0,0,0,0,1,0,0,0,0,0,uniquely_matched,82
PAY1081,B1474,B1474,CARD,12076.76,0,0,0,0,0,0,0,1,0,0,0,0,0,uniquely_matched,83
PAY1082,B1053,B1053,UPI,4621.10,0,0,0,0,0,0,0,1,0,0,0,0,0,uniquely_matched,84
PAY1083,B1457,B1457,CARD,5769.17,0,0,0,0,0,0,0,1,0,0,0,0,0,uniquely_matched,85
PAY1084,B1578,B1578,CARD,1897.18,0,0,0,0,0,0,0,1,0,0,0,0,0,uniquely_matched,86
PAY1085,B1419,B1419,NETBANKING,3513.00,0,0,0,0,0,0,0,1,0,0,0,0,0,uniquely_matched,87
PAY1086,B1613,B1613,UPI,11718.47,0,0,0,0,0,0,0,1,0,0,0,0,0,uniquely_matched,88
PAY1087,B1631,B1631,NETBANKING,7909.43,0,0,0,0,0,0,0,1,0,0,0,0,0,uniquely_matched,89
PAY1088,B1702,B1702,CARD,13329.36,0,0,0,0,0,0,0,1,0,0,0,0,0,uniquely_matched,90
PAY1089,B1408,B1408,UPI,6561.39,0,0,0,0,0,0,0,1,0,0,0,0,0,uniquely_matched,91
PAY1090,B1981,B1981,CARD,4761.81,0,0,0,0,0,0,0,1,0,0,0,0,0,uniquely_matched,92
PAY1091,B1303,B1303,CARD,5866.40,0,0,0,0,0,0,0,1,0,0,0,0,0,uniquely_matched,93
PAY1092,B1934,B1934,UPI,10978.81,0,0,0,0,0,0,0,1,0,0,0,0,0,uniquely_matched,94
PAY1093,B1558,B1558,UPI,8770.08,0,0,0,0,0,0,0,1,0,0,0,0,0,uniquely_matched,95
PAY1094,B1221,B1221,UPI,13658.68,0,0,0,0,0,0,0,1,0,0,0,0,0,uniquely_matched,96
PAY1095,B1532,B1532,NETBANKING,9430.36,0,0,0,0,0,0,0,1,0,0,0,0,0,uniquely_matched,97
PAY1096,B1157,B1157,NETBANKING,7902.25,0,0,0,0,0,0,0,1,0,0,0,0,0,uniquely_matched,98
PAY1097,B1347,B1347,CARD,12000.54,0,0,0,0,0,0,0,1,0,0,0,0,0,uniquely_matched,99
PAY1098,B1158,B1158,UPI,14265.47,0,0,0,0,0,0,0,1,0,0,0,0,0,uniquely_matched,100
PAY1099,B1888,B1888,CARD,5981.84,0,0,0,0,0,0,0,1,0,0,0,0,0,uniquely_matched,101
PAY1100,B1883,B1883,CARD,4498.27,0,0,0,0,0,0,0,1,0,0,0,0,0,uniquely_matched,102
PAY1101,B1921,B1921,CARD,9627.04,0,0,0,0,0,0,0,1,0,0,0,0,0,uniquely_matched,103
PAY1102,B1234,B1234,CARD,7984.22,0,0,0,0,0,0,0,1,0,0,0,0,0,uniquely_matched,104
PAY1103,B1661,B1661,CARD,14848.60,0,0,0,0,0,0,0,1,0,0,0,0,0,uniquely_matched,105
PAY1104,B1404,B1404,UPI,7473.06,0,0,0,0,0,0,0,1,0,0,0,0,0,uniquely_matched,106
PAY1105,B1256,B1256,NETBANKING,2040.64,0,0,0,0,0,0,0,1,0,0,0,0,0,uniquely_matched,107
PAY1106,B1676,B1676,UPI,14683.17,0,0,0,0,0,0,0,1,0,0,0,0,0,uniquely_matched,108
PAY1107,B1588,B1588,UPI,12810.22,0,0,0,0,0,0,0,1,0,0,0,0,0,uniquely_matched,109
PAY1108,B1596,B1596,UPI,3495.50,0,0,0,0,0,0,0,1,0,0,0,0,0,uniquely_matched,110
PAY1109,B1557,B1557,NETBANKING,13664.47,0,0,0,0,0,0,0,1,0,0,0,0,0,uniquely_matched,111
PAY1110,B1904,B1904,NETBANKING,5769.34,0,0,0,0,0,0,0,1,0,0,0,0,0,uniquely_matched,112
PAY1111,B1912,B1912,NETBANKING,6279.57,0,0,0,0,0,0,0,1,0,0,0,0,0,uniquely_matched,113
PAY1112,B1046,B1046,UPI,13689.48,0,0,0,0,0,0,0,1,0,0,0,0,0,uniquely_matched,114
PAY1113,B1212,B1212,NETBANKING,8421.62,0,0,0,0,0,0,0,1,0,0,0,0,0,uniquely_matched,115
PAY1114,B1478,B1478,CARD,2928.68,0,0,0,0,0,0,0,1,0,0,0,0,0,uniquely_matched,116
PAY1115,B1486,B1486,NETBANKING,6166.79,0,0,0,0,0,0,0,1,0,0,0,0,0,uniquely_matched,117
PAY1116,B1570,B1570,UPI,11109.36,0,0,0,0,0,0,0,1,0,0,0,0,0,uniquely_matched,118
PAY1117,B1565,B1565,UPI,3438.58,0,0,0,0,0,0,0,1,0,0,0,0,0,uniquely_matched,119
PAY1118,B1341,B1341,CARD,9263.24,0,0,0,0,0,0,0,1,0,0,0,0,0,uniquely_matched,120
PAY1119,B1523,B1523,NETBANKING,10733.84,0,0,0,0,0,0,0,1,0,0,0,0,0,uniquely_matched,121
PAY1120,B1703,B1703,NETBANKING,5813.95,0,0,0,0,0,0,0,1,0,0,0,0,0,uniquely_matched,122
PAY1121,B1502,B1502,CARD,10714.33,0,0,0,0,0,0,0,1,0,0,0,0,0,uniquely_matched,123
PAY1122,B1005,B1005,UPI,13378.90,0,0,0,0,0,0,0,1,0,0,0,0,0,uniquely_matched,124
PAY1123,B1820,B1820,UPI,7609.63,0,0,0,0,0,0,0,1,0,0,0,0,0,uniquely_matched,125
PAY1124,B1143,B1143,NETBANKING,6360.73,0,0,0,0,0,0,0,1,0,0,0,0,0,uniquely_matched,126
PAY1125,B1857,B1857,NETBANKING,4516.22,0,0,0,0,0,0,0,1,0,0,0,0,0,uniquely_matched,127
PAY1126,B1260,B1260,NETBANKING,9458.88,0,0,0,0,0,0,0,1,0,0,0,0,0,uniquely_matched,128
PAY1127,B1584,B1584,NETBANKING,13317.93,0,0,0,0,0,0,0,1,0,0,0,0,0,uniquely_matched,129
PAY1128,B1685,B1685,NETBANKING,5545.26,0,0,0,0,0,0,0,1,0,0,0,0,0,uniquely_matched,130
PAY1129,B1231,B1231,UPI,6547.30,0,0,0,0,0,0,0,1,0,0,0,0,0,uniquely_matched,131
PAY1130,B1269,B1269,UPI,6692.76,0,0,0,0,0,0,0,1,0,0,0,0,0,uniquely_matched,132
PAY1131,B1939,B1939,UPI,8851.37,0,0,0,0,0,0,0,1,0,0,0,0,0,uniquely_matched,133
PAY1132,B1446,B1446,UPI,4197.73,0,0,0,0,0,0,0,1,0,0,0,0,0,uniquely_matched,134
PAY1133,B1873,B1873,CARD,12510.96,0,0,0,0,0,0,0,1,0,0,0,0,0,uniquely_matched,135
PAY1134,B1221,B1221,UPI,5138.43,0,0,0,0,0,0,0,1,0,0,0,0,0,uniquely_matched,136
PAY1135,B1051,B1051,CARD,10875.08,0,0,0,0,0,0,0,1,0,0,0,0,0,uniquely_matched,137
PAY1136,B1115,B1115,UPI,8185.02,0,0,0,0,0,0,0,1,0,0,0,0,0,uniquely_matched,138
PAY1137,B1537,B1537,NETBANKING,9202.57,0,0,0,0,0,0,0,1,0,0,0,0,0,uniquely_matched,139
PAY1138,B1564,B1564,NETBANKING,3514.52,0,0,0,0,0,0,0,1,0,0,0,0,0,uniquely_matched,140
PAY1139,B1876,B1876,NETBANKING,11290.32,0,0,0,0,0,0,0,1,0,0,0,0,0,uniquely_matched,141
PAY1140,B1540,B1540,CARD,3640.69,0,0,0,0,0,0,0,1,0,0,0,0,0,uniquely_matched,142
PAY1141,B1018,B1018,UPI,2588.63,0,0,0,0,0,0,0,1,0,0,0,0,0,uniquely_matched,143
PAY1142,B1814,B1814,UPI,8653.51,0,0,0,0,0,0,0,1,0,0,0,0,0,uniquely_matched,144
PAY1143,B1391,B1391,CARD,10930.16,0,0,0,0,0,0,0,1,0,0,0,0,0,uniquely_matched,145
PAY1144,B1790,B1790,CARD,1700.50,0,0,0,0,0,0,0,1,0,0,0,0,0,uniquely_matched,146
PAY1145,B1628,B1628,CARD,1971.53,0,0,0,0,0,0,0,1,0,0,0,0,0,uniquely_matched,147
PAY1146,B1617,B1617,CARD,12237.51,0,0,0,0,0,0,0,1,0,0,0,0,0,uniquely_matched,148
PAY1147,B1418,B1418,CARD,12326.46,0,0,0,0,0,0,0,1,0,0,0,0,0,uniquely_matched,149
PAY1148,B1990,B1990,NETBANKING,4434.27,0,0,0,0,0,0,0,1,0,0,0,0,0,uniquely_matched,150
PAY1149,B1308,B1308,UPI,9613.19,0,0,0,0,0,0,0,1,0,0,0,0,0,uniquely_matched,151
PAY1150,B1738,B1738,CARD,7204.52,0,0,0,0,0,0,0,1,0,0,0,0,0,uniquely_matched,152
PAY1151,B1863,B1863,NETBANKING,9857.74,0,0,0,0,0,0,0,1,0,0,0,0,0,uniquely_matched,153
PAY1152,B1185,B1185,CARD,13080.31,0,0,0,0,0,0,0,1,0,0,0,0,0,uniquely_matched,154
PAY1153,B1260,B1260,NETBANKING,2117.99,0,0,0,0,0,0,0,1,0,0,0,0,0,uniquely_matched,155
PAY1154,B1527,B1527,CARD,11891.78,0,0,0,0,0,0,0,1,0,0,0,0,0,uniquely_matched,156
PAY1155,B1272,B1272,UPI,7902.41,0,0,0,0,0,0,0,1,0,0,0,0,0,uniquely_matched,157
PAY1156,B1159,B1159,CARD,8897.78,0,0,0,0,0,0,0,1,0,0,0,0,0,uniquely_matched,158
PAY1157,B1869,B1869,CARD,10155.04,0,0,0,0,0,0,0,1,0,0,0,0,0,uniquely_matched,159
PAY1158,B1761,B1761,UPI,13916.72,0,0,0,0,0,0,0,1,0,0,0,0,0,uniquely_matched,160
PAY1159,B1223,B1223,UPI,1794.08,0,0,0,0,0,0,0,1,0,0,0,0,0,uniquely_matched,161
PAY1160,B1255,B1255,CARD,1412.67,0,0,0,0,0,0,0,1,0,0,0,0,0,uniquely_matched,162
PAY1161,B1179,B1179,UPI,3495.66,0,0,0,0,0,0,0,1,0,0,0,0,0,uniquely_matched,163
PAY1162,B1019,B1019,UPI,14810.27,0,0,0,0,0,0,0,1,0,0,0,0,0,uniquely_matched,164
PAY1163,B1623,B1623,NETBANKING,11011.07,0,0,0,0,0,0,0,1,0,0,0,0,0,uniquely_matched,165
PAY1164,B1631,B1631,UPI,9604.98,0,0,0,0,0,0,0,1,0,0,0,0,0,uniquely_matched,166
PAY1165,B1705,B1705,UPI,1658.55,0,0,0,0,0,0,0,1,0,0,0,0,0,uniquely_matched,167
PAY1166,B1467,B1467,CARD,13307.54,0,0,0,0,0,0,0,1,0,0,0,0,0,uniquely_matched,168
PAY1167,B1622,B1622,CARD,12378.60,0,0,0,0,0,0,0,1,0,0,0,0,0,uniquely_matched,169
PAY1168,B1209,B1209,NETBANKING,10307.20,0,0,0,0,0,0,0,1,0,0,0,0,0,uniquely_matched,170
PAY1169,B1512,B1512,CARD,5747.83,0,0,0,0,0,0,0,1,0,0,0,0,0,uniquely_matched,171
PAY1170,B1057,B1057,UPI,1987.07,0,0,0,0,0,0,0,1,0,0,0,0,0,uniquely_matched,172
PAY1171,B1092,B1092,UPI,9120.54,0,0,0,0,0,0,0,1,0,0,0,0,0,uniquely_matched,173
PAY1172,B1220,B1220,UPI,11075.72,0,0,0,0,0,0,0,1,0,0,0,0,0,uniquely_matched,174
PAY1173,B1722,B1722,CARD,,0,0,1,0,0,0,0,0,0,0,0,0,0,uniquely_matched,175
PAY1174,B1939,B1939,UPI,9872.75,0,0,0,0,0,0,0,1,0,0,0,0,0,uniquely_matched,176
PAY1175,B1231,B1231,UPI,5009.12,0,0,0,0,0,0,0,1,0,0,0,0,0,uniquely_matched,177
PAY1176,B1773,B1773,NETBANKING,11699.42,0,0,0,0,0,0,0,1,0,0,0,0,0,uniquely_matched,178
PAY1177,B1363,B1363,NETBANKING,8554.62,0,0,0,0,0,0,0,1,0,0,0,0,0,uniquely_matched,179
PAY1178,B1614,B1614,NETBANKING,2806.52,0,0,0,0,0,0,0,1,0,0,0,0,0,uniquely_matched,180
PAY1179,B1561,B1561,CARD,8371.27,0,0,0,0,0,0,0,1,0,0,0,0,0,uniquely_matched,181
PAY1180,B1373,B1373,UPI,6540.32,0,0,0,0,0,0,0,1,0,0,0,0,0,uniquely_matched,182
PAY1181,B1621,B1621,UPI,3524.98,0,0,0,0,0,0,0,1,0,0,0,0,0,uniquely_matched,183
PAY1182,B1455,B1455,UPI,12781.22,0,0,0,0,0,0,0,1,0,0,0,0,0,uniquely_matched,184
PAY1183,B1087,B1087,NETBANKING,1154.40,0,0,0,0,0,0,0,1,0,0,0,0,0,uniquely_matched,185
PAY1184,B1019,B1019,UPI,,1,0,0,0,0,0,0,0,0,0,0,0,0,uniquely_matched,186
PAY1185,B1013,B1013,UPI,1176.33,0,0,0,0,0,0,0,1,0,0,0,0,0,uniquely_matched,187
PAY1186,B1132,B1132,UPI,,1,0,0,0,0,0,0,0,0,0,0,0,0,uniquely_matched,188
PAY1187,B1936,B1936,UPI,5159.35,0,0,0,0,0,0,0,1,0,0,0,0,0,uniquely_matched,189
PAY1188,B1807,B1807,UPI,1759.80,0,0,0,0,0,0,0,1,0,0,0,0,0,uniquely_matched,190
PAY1189,B1033,B1033,CARD,9352.83,0,0,0,0,0,0,0,1,0,0,0,0,0,uniquely_matched,191
PAY1190,B1891,B1891,UPI,2216.08,0,0,0,0,0,0,0,1,0,0,0,0,0,uniquely_matched,192
PAY1191,B1207,B1207,CARD,10823.99,0,0,0,0,0,0,0,1,0,0,0,0,0,uniquely_matched,193
PAY1192,B1812,B1812,UPI,1736.99,0,0,0,0,0,0,0,1,0,0,0,0,0,uniquely_matched,194
PAY1193,B1198,B1198,CARD,1830.32,0,0,0,0,0,0,0,1,0,0,0,0,0,uniquely_matched,195
PAY1194,B1591,B1591,UPI,5274.56,0,0,0,0,0,0,0,1,0,0,0,0,0,uniquely_matched,196
PAY1195,B1582,B1582,UPI,13552.00,0,0,0,0,0,0,0,1,0,0,0,0,0,uniquely_matched,197
PAY1196,B1154,B1154,UPI,9979.51,0,0,0,0,0,0,0,1,0,0,0,0,0,uniquely_matched,198
PAY1197,B1589,B1589,UPI,11781.84,0,0,0,0,0,0,0,1,0,0,0,0,0,uniquely_matched,199
PAY1198,B1077,B1077,NETBANKING,2981.73,0,0,0,0,0,0,0,1,0,0,0,0,0,uniquely_matched,200
PAY1199,B1171,B1171,UPI,12677.76,0,0,0,0,0,0,0,1,0,0,0,0,0,uniquely_matched,201
PAY1200,B1288,B1288,CARD,1114.05,0,0,0,0,0,0,0,1,0,0,0,0,0,uniquely_matched,202
PAY1201,B1544,B1544,NETBANKING,3982.80,0,0,0,0,0,0,0,1,0,0,0,0,0,uniquely_matched,203
PAY1202,B1811,B1811,NETBANKING,9625.29,0,0,0,0,0,0,0,1,0,0,0,0,0,uniquely_matched,204
PAY1203,B1787,B1787,UPI,6253.45,0,0,0,0,0,0,0,1,0,0,0,0,0,uniquely_matched,205
PAY1204,B1878,B1878,CARD,14778.71,0,0,0,0,0,0,0,1,0,0,0,0,0,uniquely_matched,206
PAY1205,B1419,B1419,CARD,1424.75,0,0,0,0,0,0,0,1,0,0,0,0,0,uniquely_matched,207
PAY1206,B1006,B1006,NETBANKING,14980.37,0,0,0,0,0,0,0,1,0,0,0,0,0,uniquely_matched,208
PAY1207,B1159,B1159,CARD,,1,0,0,0,0,0,0,0,0,0,0,0,0,uniquely_matched,209
PAY1208,B1239,B1239,UPI,8821.90,0,0,0,0,0,0,0,1,0,0,0,0,0,uniquely_matched,210
PAY1209,B1962,B1962,UPI,1833.17,0,0,0,0,0,0,0,1,0,0,0,0,0,uniquely_matched,211
PAY1210,B1422,B1422,UPI,4826.60,0,0,0,0,0,0,0,1,0,0,0,0,0,uniquely_matched,212
PAY1211,B1988,B1988,UPI,13945.28,0,0,0,0,0,0,0,1,0,0,0,0,0,uniquely_matched,213
PAY1212,B1535,B1535,UPI,5959.44,0,0,0,0,0,0,0,1,0,0,0,0,0,uniquely_matched,214
PAY1213,B1725,B1725,NETBANKING,,0,0,1,0,0,0,0,0,0,0,0,0,0,uniquely_matched,215
PAY1214,B1069,B1069,UPI,14992.95,0,0,0,0,0,0,0,1,0,0,0,0,0,uniquely_matched,216
PAY1215,B1879,B1879,UPI,4682.98,0,0,0,0,0,0,0,1,0,0,0,0,0,uniquely_matched,217
PAY1216,B1215,B1215,NETBANKING,9065.13,0,0,0,0,0,0,0,1,0,0,0,0,0,uniquely_matched,218
PAY1217,B1103,B1103,NETBANKING,10750.13,0,0,0,0,0,0,0,1,0,0,0,0,0,uniquely_matched,219
PAY1218,B1726,B1726,NETBANKING,3304.78,0,0,0,0,0,0,0,1,0,0,0,0,0,uniquely_matched,220
PAY1219,B1053,B1053,CARD,3081.42,0,0,0,0,0,0,0,1,0,0,0,0,0,uniquely_matched,221
PAY1220,B1805,B1805,CARD,,1,0,0,0,0,0,0,0,0,0,0,0,0,uniquely_matched,222
PAY1221,B1329,B1329,UPI,6401.38,0,0,0,0,0,0,0,1,0,0,0,0,0,uniquely_matched,223
PAY1222,B1847,B1847,UPI,10999.02,0,0,0,0,0,0,0,1,0,0,0,0,0,uniquely_matched,224
PAY1223,B1202,B1202,UPI,1973.12,0,0,0,0,0,0,0,1,0,0,0,0,0,uniquely_matched,225
PAY1224,B1287,B1287,CARD,14610.33,0,0,0,0,0,0,0,1,0,0,0,0,0,uniquely_matched,226
PAY1225,B1044,B1044,UPI,1199.88,0,0,0,0,0,0,0,1,0,0,0,0,0,uniquely_matched,227
PAY1226,B1828,B1828,UPI,9418.44,0,0,0,0,0,0,0,1,0,0,0,0,0,uniquely_matched,228
PAY1227,B1197,B1197,CARD,8876.86,0,0,0,0,0,0,0,1,0,0,0,0,0,uniquely_matched,229
PAY1228,B1215,B1215,NETBANKING,2886.02,0,0,0,0,0,0,0,1,0,0,0,0,0,uniquely_matched,230
PAY1229,B1480,B1480,CARD,3112.82,0,0,0,0,0,0,0,1,0,0,0,0,0,uniquely_matched,231
PAY1230,B1308,B1308,UPI,12097.48,0,0,0,0,0,0,0,1,0,0,0,0,0,uniquely_matched,232
PAY1231,B1895,B1895,CARD,13425.87,0,0,0,0,0,0,0,1,0,0,0,0,0,uniquely_matched,233
PAY1232,B1434,B1434,NETBANKING,4962.24,0,0,0,0,0,0,0,1,0,0,0,0,0,uniquely_matched,234
PAY1233,B1331,B1331,NETBANKING,7131.50,0,0,0,0,0,0,0,1,0,0,0,0,0,uniquely_matched,235
PAY1234,B1695,B1695,NETBANKING,5969.93,0,0,0,0,0,0,0,1,0,0,0,0,0,uniquely_matched,236
PAY1235,B1026,B1026,NETBANKING,2015.66,0,0,0,0,0,0,0,1,0,0,0,0,0,uniquely_matched,237
PAY1236,B1165,B1165,NETBANKING,10424.86,0,0,0,0,0,0,0,1,0,0,0,0,0,uniquely_matched,238
PAY1237,B1317,B1317,NETBANKING,12552.70,0,0,0,0,0,0,0,1,0,0,0,0,0,uniquely_matched,239
PAY1238,B1273,B1273,UPI,5268.31,0,0,0,0,0,0,0,1,0,0,0,0,0,uniquely_matched,240
PAY1239,B1382,B1382,UPI,14862.46,0,0,0,0,0,0,0,1,0,0,0,0,0,uniquely_matched,241
PAY1240,B1364,B1364,CARD,2061.92,0,0,0,0,0,0,0,1,0,0,0,0,0,uniquely_matched,242
PAY1241,B1102,B1102,UPI,10265.07,0,0,0,0,0,0,0,1,0,0,0,0,0,uniquely_matched,243
PAY1242,B1959,B1959,NETBANKING,7275.19,0,0,0,0,0,0,0,1,0,0,0,0,0,uniquely_matched,244
PAY1243,B1502,B1502,UPI,7252.43,0,0,0,0,0,0,0,1,0,0,0,0,0,uniquely_matched,245
PAY1244,B1844,B1844,CARD,,0,0,1,0,0,0,0,0,0,0,0,0,0,uniquely_matched,246
PAY1245,B1372,B1372,NETBANKING,4621.54,0,0,0,0,0,0,0,1,0,0,0,0,0,uniquely_matched,247
PAY1246,B1615,B1615,UPI,11017.88,0,0,0,0,0,0,0,1,0,0,0,0,0,uniquely_matched,248
PAY1247,B1925,B1925,UPI,11102.07,0,0,0,0,0,0,0,1,0,0,0,0,0,uniquely_matched,249
PAY1248,B1244,B1244,CARD,4953.56,0,0,0,0,0,0,0,1,0,0,0,0,0,uniquely_matched,250
PAY1249,B1816,B1816,NETBANKING,,0,0,1,0,0,0,0,0,0,0,0,0,0,uniquely_matched,251
PAY1250,B1168,B1168,CARD,5435.83,0,0,0,0,0,0,0,1,0,0,0,0,0,uniquely_matched,252
PAY1251,B1627,B1627,NETBANKING,11151.30,0,0,0,0,0,0,0,1,0,0,0,0,0,uniquely_matched,253
PAY1252,B1652,B1652,NETBANKING,2694.00,0,0,0,0,0,0,0,1,0,0,0,0,0,uniquely_matched,254
PAY1253,B1417,B1417,UPI,3361.82,0,0,0,0,0,0,0,1,0,0,0,0,0,uniquely_matched,255
PAY1254,B1355,B1355,CARD,5421.14,0,0,0,0,0,0,0,1,0,0,0,0,0,uniquely_matched,256
PAY1255,B1477,B1477,CARD,9314.23,0,0,0,0,0,0,0,1,0,0,0,0,0,uniquely_matched,257
PAY1256,B1124,B1124,CARD,,1,0,0,0,0,0,0,0,0,0,0,0,0,uniquely_matched,258
PAY1257,B1536,B1536,NETBANKING,6548.99,0,0,0,0,0,0,0,1,0,0,0,0,0,uniquely_matched,259
PAY1258,B1705,B1705,CARD,2089.75,0,0,0,0,0,0,0,1,0,0,0,0,0,uniquely_matched,260
PAY1259,B1895,B1895,NETBANKING,6230.89,0,0,0,0,0,0,0,1,0,0,0,0,0,uniquely_matched,261
PAY1260,B1611,B1611,CARD,10642.75,0,0,0,0,0,0,0,1,0,0,0,0,0,uniquely_matched,262
PAY1261,B1401,B1401,CARD,10393.94,0,0,0,0,0,0,0,1,0,0,0,0,0,uniquely_matched,263
PAY1262,B1516,B1516,UPI,3242.75,0,0,0,0,0,0,0,1,0,0,0,0,0,uniquely_matched,264
PAY1263,B1530,B1530,CARD,1108.98,0,0,0,0,0,0,0,1,0,0,0,0,0,uniquely_matched,265
PAY1264,B1681,B1681,UPI,11541.74,0,0,0,0,0,0,0,1,0,0,0,0,0,uniquely_matched,266
PAY1265,B1785,B1785,UPI,2489.15,0,0,0,0,0,0,0,1,0,0,0,0,0,uniquely_matched,267
PAY1266,B1253,B1253,NETBANKING,2152.89,0,0,0,0,0,0,0,1,0,0,0,0,0,uniquely_matched,268
PAY1267,B1120,B1120,CARD,1037.82,0,0,0,0,0,0,0,1,0,0,0,0,0,uniquely_matched,269
PAY1268,B1031,B1031,CARD,7056.42,0,0,0,0,0,0,0,1,0,0,0,0,0,uniquely_matched,270
PAY1269,B1660,B1660,CARD,,1,0,0,0,0,0,0,0,0,0,0,0,0,uniquely_matched,271
PAY1270,B1777,B1777,UPI,9927.30,0,0,0,0,0,0,0,1,0,0,0,0,0,uniquely_matched,272
PAY1271,B1036,B1036,CARD,5144.89,0,0,0,0,0,0,0,1,0,0,0,0,0,uniquely_matched,273
PAY1272,B1688,B1688,NETBANKING,10945.95,0,0,0,0,0,0,0,1,0,0,0,0,0,uniquely_matched,274
PAY1273,B1341,B1341,NETBANKING,,1,0,0,0,0,0,0,0,0,0,0,0,0,uniquely_matched,275
PAY1274,B1012,B1012,CARD,12647.86,0,0,0,0,0,0,0,1,0,0,0,0,0,uniquely_matched,276
PAY1275,B1182,B1182,UPI,9005.88,0,0,0,0,0,0,0,1,0,0,0,0,0,uniquely_matched,277
PAY1276,B1656,B1656,NETBANKING,9174.46,0,0,0,0,0,0,0,1,0,0,0,0,0,uniquely_matched,278
PAY1277,B1264,B1264,NETBANKING,3936.86,0,0,0,0,0,0,0,1,0,0,0,0,0,uniquely_matched,279
PAY1278,B1087,B1087,UPI,2037.52,0,0,0,0,0,0,0,1,0,0,0,0,0,uniquely_matched,280
PAY1279,B1939,B1939,NETBANKING,7506.15,0,0,0,0,0,0,0,1,0,0,0,0,0,uniquely_matched,281
PAY1280,B1461,B1461,UPI,9618.57,0,0,0,0,0,0,0,1,0,0,0,0,0,uniquely_matched,282
PAY1281,B1045,B1045,NETBANKING,2330.65,0,0,0,0,0,0,0,1,0,0,0,0,0,uniquely_matched,283
PAY1282,B1391,B1391,UPI,14307.48,0,0,0,0,0,0,0,1,0,0,0,0,0,uniquely_matched,284
PAY1283,B1118,B1118,NETBANKING,,1,0,0,0,0,0,0,0,0,0,0,0,0,uniquely_matched,285
PAY1284,B1932,B1932,CARD,8636.39,0,0,0,0,0,0,0,1,0,0,0,0,0,uniquely_matched,286
PAY1285,B1530,B1530,NETBANKING,14300.97,0,0,0,0,0,0,0,1,0,0,0,0,0,uniquely_matched,287
PAY1286,B1446,B1446,NETBANKING,3512.23,0,0,0,0,0,0,0,1,0,0,0,0,0,uniquely_matched,288
PAY1287,B1731,B1731,CARD,1355.89,0,0,0,0,0,0,0,1,0,0,0,0,0,uniquely_matched,289
PAY1288,B1941,B1941,CARD,1551.73,0,0,0,0,0,0,0,1,0,0,0,0,0,uniquely_matched,290
PAY1289,B1744,B1744,CARD,9225.17,0,0,0,0,0,0,0,1,0,0,0,0,0,uniquely_matched,291
PAY1290,B1605,B1605,CARD,,0,0,1,0,0,0,0,0,0,0,0,0,0,uniquely_matched,292
PAY1291,B1966,B1966,UPI,14419.64,0,0,0,0,0,0,0,1,0,0,0,0,0,uniquely_matched,293
PAY1292,B1762,B1762,UPI,2987.06,0,0,0,0,0,0,0,1,0,0,0,0,0,uniquely_matched,294
PAY1293,B1761,B1761,NETBANKING,5266.12,0,0,0,0,0,0,0,1,0,0,0,0,0,uniquely_matched,295
PAY1294,B1793,B1793,NETBANKING,12515.25,0,0,0,0,0,0,0,1,0,0,0,0,0,uniquely_matched,296
PAY1295,B1743,B1743,NETBANKING,4062.36,0,0,0,0,0,0,0,1,0,0,0,0,0,uniquely_matched,297
PAY1296,B1045,B1045,UPI,4401.56,0,0,0,0,0,0,0,1,0,0,0,0,0,uniquely_matched,298
PAY1297,B1885,B1885,NETBANKING,9992.33,0,0,0,0,0,0,0,1,0,0,0,0,0,uniquely_matched,299
PAY1298,B1507,B1507,NETBANKING,4865.21,0,0,0,0,0,0,0,1,0,0,0,0,0,uniquely_matched,300
PAY1299,B1557,B1557,UPI,4044.27,0,0,0,0,0,0,0,1,0,0,0,0,0,uniquely_matched,301
PAY1300,B1970,B1970,NETBANKING,4558.49,0,0,0,0,0,0,0,1,0,0,0,0,0,uniquely_matched,302
PAY1301,B1525,B1525,UPI,7869.06,0,0,0,0,0,0,0,1,0,0,0,0,0,uniquely_matched,303
PAY1302,B1596,B1596,UPI,14525.40,0,0,0,0,0,0,0,1,0,0,0,0,0,uniquely_matched,304
PAY1303,B1830,B1830,CARD,12651.33,0,0,0,0,0,0,0,1,0,0,0,0,0,uniquely_matched,305
PAY1304,B1839,B1839,CARD,4984.54,0,0,0,0,0,0,0,1,0,0,0,0,0,uniquely_matched,306
PAY1305,B1002,B1002,UPI,6087.22,0,0,0,0,0,0,0,1,0,0,0,0,0,uniquely_matched,307
PAY1306,B1027,B1027,UPI,7503.17,0,0,0,0,0,0,0,1,0,0,0,0,0,uniquely_matched,308
PAY1307,B1380,B1380,CARD,14705.02,0,0,0,0,0,0,0,1,0,0,0,0,0,uniquely_matched,309
PAY1308,B1156,B1156,NETBANKING,3413.47,0,0,0,0,0,0,0,1,0,0,0,0,0,uniquely_matched,310
PAY1309,B1854,B1854,NETBANKING,6004.76,0,0,0,0,0,0,0,1,0,0,0,0,0,uniquely_matched,311
PAY1310,B1913,B1913,NETBANKING,11211.97,0,0,0,0,0,0,0,1,0,0,0,0,0,uniquely_matched,312
PAY1311,B1930,B1930,UPI,,1,0,0,0,0,0,0,0,0,0,0,0,0,uniquely_matched,313
PAY1312,B1510,B1510,CARD,3179.45,0,0,0,0,0,0,0,1,0,0,0,0,0,uniquely_matched,314
PAY1313,B1332,B1332,NETBANKING,4183.32,0,0,0,0,0,0,0,1,0,0,0,0,0,uniquely_matched,315
PAY1314,B1843,B1843,CARD,4159.73,0,0,0,0,0,0,0,1,0,0,0,0,0,uniquely_matched,316
PAY1315,B1686,B1686,CARD,1293.05,0,0,0,0,0,0,0,1,0,0,0,0,0,uniquely_matched,317
PAY1316,B1113,B1113,UPI,9457.62,0,0,0,0,0,0,0,1,0,0,0,0,0,uniquely_matched,318
PAY1317,B1388,B1388,NETBANKING,10389.84,0,0,0,0,0,0,0,1,0,0,0,0,0,uniquely_matched,319
PAY1318,B1486,B1486,CARD,9435.36,0,0,0,0,0,0,0,1,0,0,0,0,0,uniquely_matched,320
PAY1319,B1842,B1842,UPI,1998.52,0,0,0,0,0,0,0,1,0,0,0,0,0,uniquely_matched,321
PAY1320,B1249,B1249,UPI,1969.22,0,0,0,0,0,0,0,1,0,0,0,0,0,uniquely_matched,322
PAY1321,B1570,B1570,UPI,3945.41,0,0,0,0,0,0,0,1,0,0,0,0,0,uniquely_matched,323
PAY1322,B1714,B1714,NETBANKING,5064.12,0,0,0,0,0,0,0,1,0,0,0,0,0,uniquely_matched,324
PAY1323,B1314,B1314,NETBANKING,,0,0,1,0,0,0,0,0,0,0,0,0,0,uniquely_matched,325
PAY1324,B1238,B1238,UPI,3231.46,0,0,0,0,0,0,0,1,0,0,0,0,0,uniquely_matched,326
PAY1325,B1233,B1233,NETBANKING,1617.29,0,0,0,0,0,0,0,1,0,0,0,0,0,uniquely_matched,327
PAY1326,B1302,B1302,NETBANKING,6515.83,0,0,0,0,0,0,0,1,0,0,0,0,0,uniquely_matched,328
PAY1327,B1606,B1606,CARD,6829.49,0,0,0,0,0,0,0,1,0,0,0,0,0,uniquely_matched,329
PAY1328,B1990,B1990,UPI,,1,0,0,0,0,0,0,0,0,0,0,0,0,uniquely_matched,330
PAY1329,B1652,B1652,UPI,12576.65,0,0,0,0,0,0,0,1,0,0,0,0,0,uniquely_matched,331
PAY1330,B1333,B1333,NETBANKING,2372.08,0,0,0,0,0,0,0,1,0,0,0,0,0,uniquely_matched,332
PAY1331,B1112,B1112,UPI,10855.19,0,0,0,0,0,0,0,1,0,0,0,0,0,uniquely_matched,333
PAY1332,B1620,B1620,UPI,5731.24,0,0,0,0,0,0,0,1,0,0,0,0,0,uniquely_matched,334
PAY1333,B1361,B1361,UPI,5339.72,0,0,0,0,0,0,0,1,0,0,0,0,0,uniquely_matched,335
PAY1334,B1856,B1856,NETBANKING,14055.60,0,0,0,0,0,0,0,1,0,0,0,0,0,uniquely_matched,336
PAY1335,B1800,B1800,NETBANKING,4478.56,0,0,0,0,0,0,0,1,0,0,0,0,0,uniquely_matched,337
PAY1336,B1096,B1096,NETBANKING,9995.45,0,0,0,0,0,0,0,1,0,0,0,0,0,uniquely_matched,338
PAY1337,B1957,B1957,CARD,4851.79,0,0,0,0,0,0,0,1,0,0,0,0,0,uniquely_matched,339
PAY1338,B1846,B1846,UPI,8100.01,0,0,0,0,0,0,0,1,0,0,0,0,0,uniquely_matched,340
PAY1339,B1015,B1015,CARD,12008.10,0,0,0,0,0,0,0,1,0,0,0,0,0,uniquely_matched,341
PAY1340,B1555,B1555,NETBANKING,13344.12,0,0,0,0,0,0,0,1,0,0,0,0,0,uniquely_matched,342
PAY1341,B1953,B1953,CARD,12741.76,0,0,0,0,0,0,0,1,0,0,0,0,0,uniquely_matched,343
PAY1342,B1375,B1375,UPI,9150.53,0,0,0,0,0,0,0,1,0,0,0,0,0,uniquely_matched,344
PAY1343,B1741,B1741,UPI,4483.43,0,0,0,0,0,0,0,1,0,0,0,0,0,uniquely_matched,345
PAY1344,B1389,B1389,NETBANKING,,1,0,0,0,0,0,0,0,0,0,0,0,0,uniquely_matched,346
PAY1345,B1619,B1619,NETBANKING,10938.67,0,0,0,0,0,0,0,1,0,0,0,0,0,uniquely_matched,347
PAY1346,B1216,B1216,CARD,1149.69,0,0,0,0,0,0,0,1,0,0,0,0,0,uniquely_matched,348
PAY1347,B1398,B1398,NETBANKING,7148.95,0,0,0,0,0,0,0,1,0,0,0,0,0,uniquely_matched,349
PAY1348,B1259,B1259,CARD,12805.67,0,0,0,0,0,0,0,1,0,0,0,0,0,uniquely_matched,350
PAY1349,B1823,B1823,UPI,7854.23,0,0,0,0,0,0,0,1,0,0,0,0,0,uniquely_matched,351
PAY1350,B1319,B1319,UPI,5359.26,0,0,0,0,0,0,0,1,0,0,0,0,0,uniquely_matched,352
PAY1351,B1195,B1195,UPI,13205.17,0,0,0,0,0,0,0,1,0,0,0,0,0,uniquely_matched,353
PAY1352,B1477,B1477,UPI,3182.33,0,0,0,0,0,0,0,1,0,0,0,0,0,uniquely_matched,354
PAY1353,B1417,B1417,UPI,3890.23,0,0,0,0,0,0,0,1,0,0,0,0,0,uniquely_matched,355
PAY1354,B1474,B1474,CARD,10623.21,0,0,0,0,0,0,0,1,0,0,0,0,0,uniquely_matched,356
PAY1355,B1606,B1606,UPI,5934.10,0,0,0,0,0,0,0,1,0,0,0,0,0,uniquely_matched,357
PAY1356,B1567,B1567,CARD,10982.24,0,0,0,0,0,0,0,1,0,0,0,0,0,uniquely_matched,358
PAY1357,B1543,B1543,UPI,3207.85,0,0,0,0,0,0,0,1,0,0,0,0,0,uniquely_matched,359
PAY1358,B1230,B1230,CARD,4531.77,0,0,0,0,0,0,0,1,0,0,0,0,0,uniquely_matched,360
PAY1359,B1883,B1883,CARD,3193.06,0,0,0,0,0,0,0,1,0,0,0,0,0,uniquely_matched,361
PAY1360,B1520,B1520,CARD,14340.74,0,0,0,0,0,0,0,1,0,0,0,0,0,uniquely_matched,362
PAY1361,B1702,B1702,NETBANKING,,1,0,0,0,0,0,0,0,0,0,0,0,0,uniquely_matched,363
PAY1362,B1872,B1872,CARD,5721.08,0,0,0,0,0,0,0,1,0,0,0,0,0,uniquely_matched,364
PAY1363,B1199,B1199,CARD,1198.83,0,0,0,0,0,0,0,1,0,0,0,0,0,uniquely_matched,365
PAY1364,B1845,B1845,UPI,3147.85,0,0,0,0,0,0,0,1,0,0,0,0,0,uniquely_matched,366
PAY1365,B1672,B1672,CARD,6895.90,0,0,0,0,0,0,0,1,0,0,0,0,0,uniquely_matched,367
PAY1366,B1598,B1598,CARD,1959.04,0,0,0,0,0,0,0,1,0,0,0,0,0,uniquely_matched,368
PAY1367,B1020,B1020,NETBANKING,8150.35,0,0,0,0,0,0,0,1,0,0,0,0,0,uniquely_matched,369
PAY1368,B1310,B1310,UPI,7370.22,0,0,0,0,0,0,0,1,0,0,0,0,0,uniquely_matched,370
PAY1369,B1587,B1587,NETBANKING,11740.35,0,0,0,0,0,0,0,1,0,0,0,0,0,uniquely_matched,371
PAY1370,B1952,B1952,NETBANKING,10237.24,0,0,0,0,0,0,0,1,0,0,0,0,0,uniquely_matched,372
PAY1371,B1897,B1897,NETBANKING,7243.26,0,0,0,0,0,0,0,1,0,0,0,0,0,uniquely_matched,373
PAY1372,B1652,B1652,CARD,4145.25,0,0,0,0,0,0,0,1,0,0,0,0,0,uniquely_matched,374
PAY1373,B1637,B1637,NETBANKING,11176.09,0,0,0,0,0,0,0,1,0,0,0,0,0,uniquely_matched,375
PAY1374,B1762,B1762,NETBANKING,10910.07,0,0,0,0,0,0,0,1,0,0,0,0,0,uniquely_matched,376
PAY1375,B1899,B1899,UPI,3146.15,0,0,0,0,0,0,0,1,0,0,0,0,0,uniquely_matched,377
PAY1376,B1595,B1595,UPI,13806.53,0,0,0,0,0,0,0,1,0,0,0,0,0,uniquely_matched,378
PAY1377,B1433,B1433,UPI,1901.67,0,0,0,0,0,0,0,1,0,0,0,0,0,uniquely_matched,379
PAY1378,B1370,B1370,UPI,1770.53,0,0,0,0,0,0,0,1,0,0,0,0,0,uniquely_matched,380
PAY1379,B1559,B1559,NETBANKING,3622.91,0,0,0,0,0,0,0,1,0,0,0,0,0,uniquely_matched,381
PAY1380,B1890,B1890,UPI,13732.45,0,0,0,0,0,0,0,1,0,0,0,0,0,uniquely_matched,382
PAY1381,B1077,B1077,CARD,8279.97,0,0,0,0,0,0,0,1,0,0,0,0,0,uniquely_matched,383
PAY1382,B1541,B1541,NETBANKING,12031.17,0,0,0,0,0,0,0,1,0,0,0,0,0,uniquely_matched,384
PAY1383,B1284,B1284,UPI,4189.80,0,0,0,0,0,0,0,1,0,0,0,0,0,uniquely_matched,385
PAY1384,B1647,B1647,NETBANKING,7863.11,0,0,0,0,0,0,0,1,0,0,0,0,0,uniquely_matched,386
PAY1385,B1139,B1139,UPI,6016.05,0,0,0,0,0,0,0,1,0,0,0,0,0,uniquely_matched,387
PAY1386,B1552,B1552,NETBANKING,12589.60,0,0,0,0,0,0,0,1,0,0,0,0,0,uniquely_matched,388
PAY1387,B1997,B1997,UPI,,1,0,0,0,0,0,0,0,0,0,0,0,0,uniquely_matched,389
PAY1388,B1281,B1281,CARD,4413.80,0,0,0,0,0,0,0,1,0,0,0,0,0,uniquely_matched,390
PAY1389,B1561,B1561,UPI,3136.04,0,0,0,0,0,0,0,1,0,0,0,0,0,uniquely_matched,391
PAY1390,B1257,B1257,NETBANKING,13028.65,0,0,0,0,0,0,0,1,0,0,0,0,0,uniquely_matched,392
PAY1391,B1822,B1822,NETBANKING,7545.61,0,0,0,0,0,0,0,1,0,0,0,0,0,uniquely_matched,393
PAY1392,B1359,B1359,CARD,,1,0,0,0,0,0,0,0,0,0,0,0,0,uniquely_matched,394
PAY1393,B1439,B1439,NETBANKING,7292.76,0,0,0,0,0,0,0,1,0,0,0,0,0,uniquely_matched,395
PAY1394,B1269,B1269,CARD,14606.94,0,0,0,0,0,0,0,1,0,0,0,0,0,uniquely_matched,396
PAY1395,B1133,B1133,NETBANKING,12903.74,0,0,0,0,0,0,0,1,0,0,0,0,0,uniquely_matched,397
PAY1396,B1745,B1745,NETBANKING,10889.16,0,0,0,0,0,0,0,1,0,0,0,0,0,uniquely_matched,398
PAY1397,B1639,B1639,CARD,5066.71,0,0,0,0,0,0,0,1,0,0,0,0,0,uniquely_matched,399
PAY1398,B1103,B1103,NETBANKING,3312.42,0,0,0,0,0,0,0,1,0,0,0,0,0,uniquely_matched,400
PAY1399,B1765,B1765,NETBANKING,13900.07,0,0,0,0,0,0,0,1,0,0,0,0,0,uniquely_matched,401
PAY1400,B1094,B1094,CARD,6923.06,0,0,0,0,0,0,0,1,0,0,0,0,0,uniquely_matched,402
PAY1401,B1848,B1848,UPI,4902.58,0,0,0,0,0,0,0,1,0,0,0,0,0,uniquely_matched,403
PAY1402,B1728,B1728,CARD,7592.89,0,0,0,0,0,0,0,1,0,0,0,0,0,uniquely_matched,404
PAY1403,B1572,B1572,NETBANKING,13849.86,0,0,0,0,0,0,0,1,0,0,0,0,0,uniquely_matched,405
PAY1404,B1479,B1479,UPI,6418.94,0,0,0,0,0,0,0,1,0,0,0,0,0,uniquely_matched,406
PAY1405,B1779,B1779,UPI,8876.97,0,0,0,0,0,0,0,1,0,0,0,0,0,uniquely_matched,407
PAY1406,B1240,B1240,UPI,12241.53,0,0,0,0,0,0,0,1,0,0,0,0,0,uniquely_matched,408
PAY1407,B1012,B1012,CARD,6979.86,0,0,0,0,0,0,0,1,0,0,0,0,0,uniquely_matched,409
PAY1408,B1146,B1146,UPI,,0,0,1,0,0,0,0,0,0,0,0,0,0,uniquely_matched,410
PAY1409,B1939,B1939,UPI,14923.36,0,0,0,0,0,0,0,1,0,0,0,0,0,uniquely_matched,411
PAY1410,B1751,B1751,UPI,14391.99,0,0,0,0,0,0,0,1,0,0,0,0,0,uniquely_matched,412
PAY1411,B1600,B1600,NETBANKING,12808.71,0,0,0,0,0,0,0,1,0,0,0,0,0,uniquely_matched,413
PAY1412,B1094,B1094,CARD,10637.23,0,0,0,0,0,0,0,1,0,0,0,0,0,uniquely_matched,414
PAY1413,B1826,B1826,CARD,5128.12,0,0,0,0,0,0,0,1,0,0,0,0,0,uniquely_matched,415
PAY1414,B1292,B1292,NETBANKING,13787.78,0,0,0,0,0,0,0,1,0,0,0,0,0,uniquely_matched,416
PAY1415,B1024,B1024,UPI,4857.79,0,0,0,0,0,0,0,1,0,0,0,0,0,uniquely_matched,417
PAY1416,B1271,B1271,NETBANKING,12211.33,0,0,0,0,0,0,0,1,0,0,0,0,0,uniquely_matched,418
PAY1417,B1504,B1504,NETBANKING,13855.61,0,0,0,0,0,0,0,1,0,0,0,0,0,uniquely_matched,419
PAY1418,B1165,B1165,UPI,9442.05,0,0,0,0,0,0,0,1,0,0,0,0,0,uniquely_matched,420
PAY1419,B1938,B1938,UPI,12242.79,0,0,0,0,0,0,0,1,0,0,0,0,0,uniquely_matched,421
PAY1420,B1761,B1761,CARD,12083.73,0,0,0,0,0,0,0,1,0,0,0,0,0,uniquely_matched,422
PAY1421,B1086,B1086,UPI,3704.21,0,0,0,0,0,0,0,1,0,0,0,0,0,uniquely_matched,423
PAY1422,B1653,B1653,NETBANKING,10350.94,0,0,0,0,0,0,0,1,0,0,0,0,0,uniquely_matched,424
PAY1423,B1645,B1645,NETBANKING,2308.55,0,0,0,0,0,0,0,1,0,0,0,0,0,uniquely_matched,425
PAY1424,B1984,B1984,UPI,8109.90,0,0,0,0,0,0,0,1,0,0,0,0,0,uniquely_matched,426
PAY1425,B1790,B1790,CARD,3271.30,0,0,0,0,0,0,0,1,0,0,0,0,0,uniquely_matched,427
PAY1426,B1637,B1637,NETBANKING,6828.89,0,0,0,0,0,0,0,1,0,0,0,0,0,uniquely_matched,428
PAY1427,B1827,B1827,UPI,12661.75,0,0,0,0,0,0,0,1,0,0,0,0,0,uniquely_matched,429
PAY1428,B1490,B1490,CARD,,0,0,1,0,0,0,0,0,0,0,0,0,0,uniquely_matched,430
PAY1429,B1907,B1907,CARD,5451.44,0,0,0,0,0,0,0,1,0,0,0,0,0,uniquely_matched,431
PAY1430,B1140,B1140,NETBANKING,8447.38,0,0,0,0,0,0,0,1,0,0,0,0,0,uniquely_matched,432
PAY1431,B1867,B1867,NETBANKING,8158.17,0,0,0,0,0,0,0,1,0,0,0,0,0,uniquely_matched,433
PAY1432,B1102,B1102,CARD,14361.62,0,0,0,0,0,0,0,1,0,0,0,0,0,uniquely_matched,434
PAY1433,B1225,B1225,CARD,,0,0,1,0,0,0,0,0,0,0,0,0,0,uniquely_matched,435
PAY1434,B1901,B1901,CARD,10787.49,0,0,0,0,0,0,0,1,0,0,0,0,0,uniquely_matched,436
PAY1435,B1574,B1574,UPI,13905.05,0,0,0,0,0,0,0,1,0,0,0,0,0,uniquely_matched,437
PAY1436,B1293,B1293,NETBANKING,6227.30,0,0,0,0,0,0,0,1,0,0,0,0,0,uniquely_matched,438
PAY1437,B1895,B1895,CARD,13629.71,0,0,0,0,0,0,0,1,0,0,0,0,0,uniquely_matched,439
PAY1438,B1305,B1305,NETBANKING,13844.39,0,0,0,0,0,0,0,1,0,0,0,0,0,uniquely_matched,440
PAY1439,B1253,B1253,NETBANKING,14029.28,0,0,0,0,0,0,0,1,0,0,0,0,0,uniquely_matched,441
PAY1440,B1179,B1179,NETBANKING,4786.25,0,0,0,0,0,0,0,1,0,0,0,0,0,uniquely_matched,442
PAY1441,B1039,B1039,CARD,6604.98,0,0,0,0,0,0,0,1,0,0,0,0,0,uniquely_matched,443
PAY1442,B1775,B1775,UPI,13185.54,0,0,0,0,0,0,0,1,0,0,0,0,0,uniquely_matched,444
PAY1443,B1700,B1700,CARD,6028.27,0,0,0,0,0,0,0,1,0,0,0,0,0,uniquely_matched,445
PAY1444,B1519,B1519,NETBANKING,9403.54,0,0,0,0,0,0,0,1,0,0,0,0,0,uniquely_matched,446
PAY1445,B1615,B1615,CARD,2652.76,0,0,0,0,0,0,0,1,0,0,0,0,0,uniquely_matched,447
PAY1446,B1736,B1736,CARD,1787.85,0,0,0,0,0,0,0,1,0,0,0,0,0,uniquely_matched,448
PAY1447,B1545,B1545,NETBANKING,6767.92,0,0,0,0,0,0,0,1,0,0,0,0,0,uniquely_matched,449
PAY1448,B1235,B1235,NETBANKING,,0,0,1,0,0,0,0,0,0,0,0,0,0,uniquely_matched,450
PAY1449,B1462,B1462,CARD,6497.79,0,0,0,0,0,0,0,1,0,0,0,0,0,uniquely_matched,451
PAY1450,B1227,B1227,CARD,,0,0,1,0,0,0,0,0,0,0,0,0,0,uniquely_matched,452
PAY1451,B1699,B1699,CARD,8211.18,0,0,0,0,0,0,0,1,0,0,0,0,0,uniquely_matched,453
PAY1452,B1824,B1824,CARD,10599.90,0,0,0,0,0,0,0,1,0,0,0,0,0,uniquely_matched,454
PAY1453,B1482,B1482,UPI,10093.45,0,0,0,0,0,0,0,1,0,0,0,0,0,uniquely_matched,455
PAY1454,B1429,B1429,CARD,6939.44,0,0,0,0,0,0,0,1,0,0,0,0,0,uniquely_matched,456
PAY1455,B1021,B1021,UPI,6949.93,0,0,0,0,0,0,0,1,0,0,0,0,0,uniquely_matched,457
PAY1456,B1342,B1342,NETBANKING,,1,0,0,0,0,0,0,0,0,0,0,0,0,uniquely_matched,458
PAY1457,B1039,B1039,UPI,8185.34,0,0,0,0,0,0,0,1,0,0,0,0,0,uniquely_matched,459
PAY1458,B1172,B1172,NETBANKING,9220.51,0,0,0,0,0,0,0,1,0,0,0,0,0,uniquely_matched,460
PAY1459,B1438,B1438,UPI,7670.85,0,0,0,0,0,0,0,1,0,0,0,0,0,uniquely_matched,461
PAY1460,B1178,B1178,NETBANKING,,1,0,0,0,0,0,0,0,0,0,0,0,0,uniquely_matched,462
PAY1461,B1597,B1597,CARD,11103.08,0,0,0,0,0,0,0,1,0,0,0,0,0,uniquely_matched,463
PAY1462,B1132,B1132,UPI,2045.26,0,0,0,0,0,0,0,1,0,0,0,0,0,uniquely_matched,464
PAY1463,B1350,B1350,UPI,13802.17,0,0,0,0,0,0,0,1,0,0,0,0,0,uniquely_matched,465
PAY1464,B1524,B1524,NETBANKING,1289.01,0,0,0,0,0,0,0,1,0,0,0,0,0,uniquely_matched,466
PAY1465,B1539,B1539,NETBANKING,14472.90,0,0,0,0,0,0,0,1,0,0,0,0,0,uniquely_matched,467
PAY1466,B1505,B1505,UPI,7472.98,0,0,0,0,0,0,0,1,0,0,0,0,0,uniquely_matched,468
PAY1467,B1083,B1083,NETBANKING,6777.38,0,0,0,0,0,0,0,1,0,0,0,0,0,uniquely_matched,469
PAY1468,B1992,B1992,CARD,4590.22,0,0,0,0,0,0,0,1,0,0,0,0,0,uniquely_matched,470
PAY1469,B1463,B1463,UPI,1141.00,0,0,0,0,0,0,0,1,0,0,0,0,0,uniquely_matched,471
PAY1470,B1829,B1829,CARD,4847.06,0,0,0,0,0,0,0,1,0,0,0,0,0,uniquely_matched,472
PAY1471,B1860,B1860,UPI,2531.60,0,0,0,0,0,0,0,1,0,0,0,0,0,uniquely_matched,473
PAY1472,B1342,B1342,CARD,10237.49,0,0,0,0,0,0,0,1,0,0,0,0,0,uniquely_matched,474
PAY1473,B1279,B1279,UPI,5467.05,0,0,0,0,0,0,0,1,0,0,0,0,0,uniquely_matched,475
PAY1474,B1865,B1865,NETBANKING,11740.51,0,0,0,0,0,0,0,1,0,0,0,0,0,uniquely_matched,476
PAY1475,B1262,B1262,UPI,3896.83,0,0,0,0,0,0,0,1,0,0,0,0,0,uniquely_matched,477
PAY1476,B1165,B1165,CARD,13603.29,0,0,0,0,0,0,0,1,0,0,0,0,0,uniquely_matched,478
PAY1477,B1292,B1292,UPI,8321.74,0,0,0,0,0,0,0,1,0,0,0,0,0,uniquely_matched,479
PAY1478,B1508,B1508,CARD,2603.09,0,0,0,0,0,0,0,1,0,0,0,0,0,uniquely_matched,480
PAY1479,B1579,B1579,CARD,6611.83,0,0,0,0,0,0,0,1,0,0,0,0,0,uniquely_matched,481
PAY1480,B1225,B1225,CARD,3894.65,0,0,0,0,0,0,0,1,0,0,0,0,0,uniquely_matched,482
PAY1481,B1169,B1169,NETBANKING,3795.60,0,0,0,0,0,0,0,1,0,0,0,0,0,uniquely_matched,483
PAY1482,B1597,B1597,UPI,8089.18,0,0,0,0,0,0,0,1,0,0,0,0,0,uniquely_matched,484
PAY1483,B1644,B1644,CARD,10406.49,0,0,0,0,0,0,0,1,0,0,0,0,0,uniquely_matched,485
PAY1484,B1447,B1447,NETBANKING,13762.65,0,0,0,0,0,0,0,1,0,0,0,0,0,uniquely_matched,486
PAY1485,B1689,B1689,CARD,8030.27,0,0,0,0,0,0,0,1,0,0,0,0,0,uniquely_matched,487
PAY1486,B1854,B1854,UPI,14521.74,0,0,0,0,0,0,0,1,0,0,0,0,0,uniquely_matched,488
PAY1487,B1501,B1501,NETBANKING,14182.89,0,0,0,0,0,0,0,1,0,0,0,0,0,uniquely_matched,489
PAY1488,B1763,B1763,CARD,,0,0,1,0,0,0,0,0,0,0,0,0,0,uniquely_matched,490
PAY1489,B1526,B1526,CARD,7999.68,0,0,0,0,0,0,0,1,0,0,0,0,0,uniquely_matched,491
PAY1490,B1734,B1734,CARD,2972.66,0,0,0,0,0,0,0,1,0,0,0,0,0,uniquely_matched,492
PAY1491,B1378,B1378,UPI,4050.66,0,0,0,0,0,0,0,1,0,0,0,0,0,uniquely_matched,493
PAY1492,B1200,B1200,NETBANKING,10067.38,0,0,0,0,0,0,0,1,0,0,0,0,0,uniquely_matched,494
PAY1493,B1618,B1618,NETBANKING,6904.57,0,0,0,0,0,0,0,1,0,0,0,0,0,uniquely_matched,495
PAY1494,B1249,B1249,NETBANKING,3055.22,0,0,0,0,0,0,0,1,0,0,0,0,0,uniquely_matched,496
PAY1495,B1948,B1948,CARD,7705.92,0,0,0,0,0,0,0,1,0,0,0,0,0,uniquely_matched,497
PAY1496,B1408,B1408,NETBANKING,1244.03,0,0,0,0,0,0,0,1,0,0,0,0,0,uniquely_matched,498
PAY1497,B1600,B1600,CARD,11274.54,0,0,0,0,0,0,0,1,0,0,0,0,0,uniquely_matched,499
PAY1498,B1124,B1124,UPI,2030.14,0,0,0,0,0,0,0,1,0,0,0,0,0,uniquely_matched,500
PAY1499,B1112,B1112,NETBANKING,9807.59,0,0,0,0,0,0,0,1,0,0,0,0,0,uniquely_matched,501
PAY1500,B1980,B1980,CARD,12102.14,0,0,0,0,0,0,0,1,0,0,0,0,0,uniquely_matched,502
PAY1501,B1136,B1136,NETBANKING,2857.01,0,0,0,0,0,0,0,1,0,0,0,0,0,uniquely_matched,503
PAY1502,B1758,B1758,NETBANKING,8260.94,0,0,0,0,0,0,0,1,0,0,0,0,0,uniquely_matched,504
PAY1503,B1495,B1495,UPI,11906.95,0,0,0,0,0,0,0,1,0,0,0,0,0,uniquely_matched,505
PAY1504,B1677,B1677,NETBANKING,4648.87,0,0,0,0,0,0,0,1,0,0,0,0,0,uniquely_matched,506
PAY1505,B1149,B1149,UPI,3280.83,0,0,0,0,0,0,0,1,0,0,0,0,0,uniquely_matched,507
PAY1506,B1874,B1874,NETBANKING,5715.47,0,0,0,0,0,0,0,1,0,0,0,0,0,uniquely_matched,508
PAY1507,B1342,B1342,NETBANKING,8765.79,0,0,0,0,0,0,0,1,0,0,0,0,0,uniquely_matched,509
PAY1508,B1944,B1944,NETBANKING,9053.91,0,0,0,0,0,0,0,1,0,0,0,0,0,uniquely_matched,510
PAY1509,B1579,B1579,NETBANKING,2832.27,0,0,0,0,0,0,0,1,0,0,0,0,0,uniquely_matched,511
PAY1510,B1732,B1732,NETBANKING,7405.96,0,0,0,0,0,0,0,1,0,0,0,0,0,uniquely_matched,512
PAY1511,B1782,B1782,NETBANKING,4755.95,0,0,0,0,0,0,0,1,0,0,0,0,0,uniquely_matched,513
PAY1512,B1320,B1320,UPI,12788.34,0,0,0,0,0,0,0,1,0,0,0,0,0,uniquely_matched,514
PAY1513,B1821,B1821,UPI,5390.05,0,0,0,0,0,0,0,1,0,0,0,0,0,uniquely_matched,515
PAY1514,B1925,B1925,CARD,12741.86,0,0,0,0,0,0,0,1,0,0,0,0,0,uniquely_matched,516
PAY1515,B1860,B1860,NETBANKING,6999.90,0,0,0,0,0,0,0,1,0,0,0,0,0,uniquely_matched,517
PAY1516,B1531,B1531,UPI,11172.20,0,0,0,0,0,0,0,1,0,0,0,0,0,uniquely_matched,518
PAY1517,B1288,B1288,NETBANKING,8140.84,0,0,0,0,0,0,0,1,0,0,0,0,0,uniquely_matched,519
PAY1518,B1488,B1488,NETBANKING,9707.48,0,0,0,0,0,0,0,1,0,0,0,0,0,uniquely_matched,520
PAY1519,B1491,B1491,UPI,6534.99,0,0,0,0,0,0,0,1,0,0,0,0,0,uniquely_matched,521
PAY1520,B1611,B1611,NETBANKING,11754.89,0,0,0,0,0,0,0,1,0,0,0,0,0,uniquely_matched,522
PAY1521,B1251,B1251,UPI,6952.65,0,0,0,0,0,0,0,1,0,0,0,0,0,uniquely_matched,523
PAY1522,B1981,B1981,UPI,7404.46,0,0,0,0,0,0,0,1,0,0,0,0,0,uniquely_matched,524
PAY1523,B1076,B1076,CARD,8247.50,0,0,0,0,0,0,0,1,0,0,0,0,0,uniquely_matched,525
PAY1524,B1646,B1646,CARD,12645.54,0,0,0,0,0,0,0,1,0,0,0,0,0,uniquely_matched,526
PAY1525,B1391,B1391,CARD,10231.31,0,0,0,0,0,0,0,1,0,0,0,0,0,uniquely_matched,527
PAY1526,B1411,B1411,CARD,5888.25,0,0,0,0,0,0,0,1,0,0,0,0,0,uniquely_matched,528
PAY1527,B1172,B1172,NETBANKING,10384.47,0,0,0,0,0,0,0,1,0,0,0,0,0,uniquely_matched,529
PAY1528,B1874,B1874,NETBANKING,9993.97,0,0,0,0,0,0,0,1,0,0,0,0,0,uniquely_matched,530
PAY1529,B1200,B1200,CARD,14034.27,0,0,0,0,0,0,0,1,0,0,0,0,0,uniquely_matched,531
PAY1530,B1216,B1216,UPI,12779.83,0,0,0,0,0,0,0,1,0,0,0,0,0,uniquely_matched,532
PAY1531,B1375,B1375,UPI,10064.26,0,0,0,0,0,0,0,1,0,0,0,0,0,uniquely_matched,533
PAY1532,B1719,B1719,UPI,5781.10,0,0,0,0,0,0,0,1,0,0,0,0,0,uniquely_matched,534
PAY1533,B1585,B1585,UPI,11914.07,0,0,0,0,0,0,0,1,0,0,0,0,0,uniquely_matched,535
PAY1534,B1010,B1010,NETBANKING,,0,0,1,0,0,0,0,0,0,0,0,0,0,uniquely_matched,536
PAY1535,B1798,B1798,UPI,14793.78,0,0,0,0,0,0,0,1,0,0,0,0,0,uniquely_matched,537
PAY1536,B1767,B1767,UPI,4465.09,0,0,0,0,0,0,0,1,0,0,0,0,0,uniquely_matched,538
PAY1537,B1011,B1011,CARD,2115.18,0,0,0,0,0,0,0,1,0,0,0,0,0,uniquely_matched,539
PAY1538,B1891,B1891,UPI,1978.49,0,0,0,0,0,0,0,1,0,0,0,0,0,uniquely_matched,540
PAY1539,B1990,B1990,NETBANKING,9960.43,0,0,0,0,0,0,0,1,0,0,0,0,0,uniquely_matched,541
PAY1540,B1589,B1589,UPI,14149.64,0,0,0,0,0,0,0,1,0,0,0,0,0,uniquely_matched,542
PAY1541,B1434,B1434,UPI,1027.05,0,0,0,0,0,0,0,1,0,0,0,0,0,uniquely_matched,543
PAY1542,B1683,B1683,NETBANKING,11160.79,0,0,0,0,0,0,0,1,0,0,0,0,0,uniquely_matched,544
PAY1543,B1607,B1607,CARD,10198.91,0,0,0,0,0,0,0,1,0,0,0,0,0,uniquely_matched,545
PAY1544,B1817,B1817,NETBANKING,11252.26,0,0,0,0,0,0,0,1,0,0,0,0,0,uniquely_matched,546
PAY1545,B1372,B1372,CARD,5975.68,0,0,0,0,0,0,0,1,0,0,0,0,0,uniquely_matched,547
PAY1546,B1272,B1272,UPI,12486.95,0,0,0,0,0,0,0,1,0,0,0,0,0,uniquely_matched,548
PAY1547,B1930,B1930,CARD,1625.90,0,0,0,0,0,0,0,1,0,0,0,0,0,uniquely_matched,549
PAY1548,B1896,B1896,CARD,,1,0,0,0,0,0,0,0,0,0,0,0,0,uniquely_matched,550
PAY1549,B1924,B1924,CARD,4739.01,0,0,0,0,0,0,0,1,0,0,0,0,0,uniquely_matched,551
PAY1550,B1690,B1690,UPI,7675.73,0,0,0,0,0,0,0,1,0,0,0,0,0,uniquely_matched,552
PAY1551,B1575,B1575,CARD,12516.91,0,0,0,0,0,0,0,1,0,0,0,0,0,uniquely_matched,553
PAY1552,B1508,B1508,CARD,4799.03,0,0,0,0,0,0,0,1,0,0,0,0,0,uniquely_matched,554
PAY1553,B1131,B1131,UPI,3592.91,0,0,0,0,0,0,0,1,0,0,0,0,0,uniquely_matched,555
PAY1554,B1854,B1854,NETBANKING,10538.38,0,0,0,0,0,0,0,1,0,0,0,0,0,uniquely_matched,556
PAY1555,B1923,B1923,NETBANKING,8467.53,0,0,0,0,0,0,0,1,0,0,0,0,0,uniquely_matched,557
PAY1556,B1783,B1783,NETBANKING,8201.65,0,0,0,0,0,0,0,1,0,0,0,0,0,uniquely_matched,558
PAY1557,B1318,B1318,UPI,4594.77,0,0,0,0,0,0,0,1,0,0,0,0,0,uniquely_matched,559
PAY1558,B1843,B1843,UPI,1488.32,0,0,0,0,0,0,0,1,0,0,0,0,0,uniquely_matched,560
PAY1559,B1948,B1948,NETBANKING,6743.77,0,0,0,0,0,0,0,1,0,0,0,0,0,uniquely_matched,561
PAY1560,B1852,B1852,CARD,2491.83,0,0,0,0,0,0,0,1,0,0,0,0,0,uniquely_matched,562
PAY1561,B1620,B1620,NETBANKING,13683.85,0,0,0,0,0,0,0,1,0,0,0,0,0,uniquely_matched,563
PAY1562,B1784,B1784,UPI,1577.50,0,0,0,0,0,0,0,1,0,0,0,0,0,uniquely_matched,564
PAY1563,B1167,B1167,CARD,7043.11,0,0,0,0,0,0,0,1,0,0,0,0,0,uniquely_matched,565
PAY1564,B1396,B1396,CARD,1731.44,0,0,0,0,0,0,0,1,0,0,0,0,0,uniquely_matched,566
PAY1565,B1179,B1179,UPI,2337.61,0,0,0,0,0,0,0,1,0,0,0,0,0,uniquely_matched,567
PAY1566,B1057,B1057,CARD,10224.13,0,0,0,0,0,0,0,1,0,0,0,0,0,uniquely_matched,568
PAY1567,B1479,B1479,NETBANKING,10059.56,0,0,0,0,0,0,0,1,0,0,0,0,0,uniquely_matched,569
PAY1568,B1932,B1932,UPI,,1,0,0,0,0,0,0,0,0,0,0,0,0,uniquely_matched,570
PAY1569,B1590,B1590,UPI,1015.84,0,0,0,0,0,0,0,1,0,0,0,0,0,uniquely_matched,571
PAY1570,B1459,B1459,UPI,2103.45,0,0,0,0,0,0,0,1,0,0,0,0,0,uniquely_matched,572
PAY1571,B1060,B1060,UPI,11681.98,0,0,0,0,0,0,0,1,0,0,0,0,0,uniquely_matched,573
PAY1572,B1368,B1368,CARD,9184.07,0,0,0,0,0,0,0,1,0,0,0,0,0,uniquely_matched,574
PAY1573,B1120,B1120,UPI,1533.66,0,0,0,0,0,0,0,1,0,0,0,0,0,uniquely_matched,575
PAY1574,B1718,B1718,UPI,7833.36,0,0,0,0,0,0,0,1,0,0,0,0,0,uniquely_matched,576
PAY1575,B1545,B1545,CARD,10968.41,0,0,0,0,0,0,0,1,0,0,0,0,0,uniquely_matched,577
PAY1576,B1581,B1581,UPI,,0,0,1,0,0,0,0,0,0,0,0,0,0,uniquely_matched,578
PAY1577,B1016,B1016,CARD,14076.51,0,0,0,0,0,0,0,1,0,0,0,0,0,uniquely_matched,579
PAY1578,B1495,B1495,CARD,5584.17,0,0,0,0,0,0,0,1,0,0,0,0,0,uniquely_matched,580
PAY1579,B1496,B1496,UPI,2901.65,0,0,0,0,0,0,0,1,0,0,0,0,0,uniquely_matched,581
PAY1580,B1504,B1504,NETBANKING,4316.96,0,0,0,0,0,0,0,1,0,0,0,0,0,uniquely_matched,582
PAY1581,B1531,B1531,UPI,,1,0,0,0,0,0,0,0,0,0,0,0,0,uniquely_matched,583
PAY1582,B1968,B1968,NETBANKING,14600.78,0,0,0,0,0,0,0,1,0,0,0,0,0,uniquely_matched,584
PAY1583,B1314,B1314,CARD,7529.51,0,0,0,0,0,0,0,1,0,0,0,0,0,uniquely_matched,585
PAY1584,B1068,B1068,NETBANKING,5274.94,0,0,0,0,0,0,0,1,0,0,0,0,0,uniquely_matched,586
PAY1585,B1726,B1726,UPI,7008.67,0,0,0,0,0,0,0,1,0,0,0,0,0,uniquely_matched,587
PAY1586,B1160,B1160,UPI,5267.38,0,0,0,0,0,0,0,1,0,0,0,0,0,uniquely_matched,588
PAY1587,B1613,B1613,NETBANKING,4590.83,0,0,0,0,0,0,0,1,0,0,0,0,0,uniquely_matched,589
PAY1588,B1887,B1887,UPI,9312.51,0,0,0,0,0,0,0,1,0,0,0,0,0,uniquely_matched,590
PAY1589,B1717,B1717,NETBANKING,1220.30,0,0,0,0,0,0,0,1,0,0,0,0,0,uniquely_matched,591
PAY1590,B1144,B1144,CARD,,0,0,1,0,0,0,0,0,0,0,0,0,0,uniquely_matched,592
PAY1591,B1568,B1568,NETBANKING,,1,0,0,0,0,0,0,0,0,0,0,0,0,uniquely_matched,593
PAY1592,B1594,B1594,NETBANKING,1448.88,0,0,0,0,0,0,0,1,0,0,0,0,0,uniquely_matched,594
PAY1593,B1992,B1992,NETBANKING,2164.83,0,0,0,0,0,0,0,1,0,0,0,0,0,uniquely_matched,595
PAY1594,B1384,B1384,NETBANKING,5107.55,0,0,0,0,0,0,0,1,0,0,0,0,0,uniquely_matched,596
PAY1595,B1268,B1268,CARD,13289.27,0,0,0,0,0,0,0,1,0,0,0,0,0,uniquely_matched,597
PAY1596,B1922,B1922,CARD,11708.41,0,0,0,0,0,0,0,1,0,0,0,0,0,uniquely_matched,598
PAY1597,B1453,B1453,CARD,1310.19,0,0,0,0,0,0,0,1,0,0,0,0,0,uniquely_matched,599
PAY1598,B1698,B1698,NETBANKING,8023.98,0,0,0,0,0,0,0,1,0,0,0,0,0,uniquely_matched,600
PAY1599,B1517,B1517,CARD,,1,0,0,0,0,0,0,0,0,0,0,0,0,uniquely_matched,601
PAY1600,B1864,B1864,UPI,10081.04,0,0,0,0,0,0,0,1,0,0,0,0,0,uniquely_matched,602
PAY1601,B1349,B1349,CARD,11101.75,0,0,0,0,0,0,0,1,0,0,0,0,0,uniquely_matched,603
PAY1602,B1109,B1109,NETBANKING,13080.08,0,0,0,0,0,0,0,1,0,0,0,0,0,uniquely_matched,604
PAY1603,B1482,B1482,UPI,7655.83,0,0,0,0,0,0,0,1,0,0,0,0,0,uniquely_matched,605
PAY1604,B1406,B1406,NETBANKING,14922.30,0,0,0,0,0,0,0,1,0,0,0,0,0,uniquely_matched,606
PAY1605,B1649,B1649,UPI,14719.81,0,0,0,0,0,0,0,1,0,0,0,0,0,uniquely_matched,607
PAY1606,B1050,B1050,NETBANKING,13350.33,0,0,0,0,0,0,0,1,0,0,0,0,0,uniquely_matched,608
PAY1607,B1402,B1402,NETBANKING,9048.17,0,0,0,0,0,0,0,1,0,0,0,0,0,uniquely_matched,609
PAY1608,B1562,B1562,UPI,6572.09,0,0,0,0,0,0,0,1,0,0,0,0,0,uniquely_matched,610
PAY1609,B1475,B1475,CARD,6101.41,0,0,0,0,0,0,0,1,0,0,0,0,0,uniquely_matched,611
PAY1610,B1086,B1086,UPI,1169.75,0,0,0,0,0,0,0,1,0,0,0,0,0,uniquely_matched,612
PAY1611,B1067,B1067,UPI,4488.44,0,0,0,0,0,0,0,1,0,0,0,0,0,uniquely_matched,613
PAY1612,B1595,B1595,UPI,11063.32,0,0,0,0,0,0,0,1,0,0,0,0,0,uniquely_matched,614
PAY1613,B1978,B1978,UPI,9450.85,0,0,0,0,0,0,0,1,0,0,0,0,0,uniquely_matched,615
PAY1614,B1041,B1041,UPI,13829.91,0,0,0,0,0,0,0,1,0,0,0,0,0,uniquely_matched,616
PAY1615,B1730,B1730,NETBANKING,,1,0,0,0,0,0,0,0,0,0,0,0,0,uniquely_matched,617
PAY1616,B1056,B1056,NETBANKING,3173.87,0,0,0,0,0,0,0,1,0,0,0,0,0,uniquely_matched,618
PAY1617,B1737,B1737,CARD,12049.41,0,0,0,0,0,0,0,1,0,0,0,0,0,uniquely_matched,619
PAY1618,B1195,B1195,CARD,6019.11,0,0,0,0,0,0,0,1,0,0,0,0,0,uniquely_matched,620
PAY1619,B1759,B1759,UPI,2656.83,0,0,0,0,0,0,0,1,0,0,0,0,0,uniquely_matched,621
PAY1620,B1677,B1677,CARD,14950.31,0,0,0,0,0,0,0,1,0,0,0,0,0,uniquely_matched,622
PAY1621,B1061,B1061,CARD,12021.50,0,0,0,0,0,0,0,1,0,0,0,0,0,uniquely_matched,623
PAY1622,B1262,B1262,UPI,6722.37,0,0,0,0,0,0,0,1,0,0,0,0,0,uniquely_matched,624
PAY1623,B1111,B1111,NETBANKING,,1,0,0,0,0,0,0,0,0,0,0,0,0,uniquely_matched,625
PAY1624,B1764,B1764,NETBANKING,10528.45,0,0,0,0,0,0,0,1,0,0,0,0,0,uniquely_matched,626
PAY1625,B1710,B1710,CARD,12059.65,0,0,0,0,0,0,0,1,0,0,0,0,0,uniquely_matched,627
PAY1626,B1177,B1177,NETBANKING,12412.89,0,0,0,0,0,0,0,1,0,0,0,0,0,uniquely_matched,628
PAY1627,B1947,B1947,NETBANKING,2186.20,0,0,0,0,0,0,0,1,0,0,0,0,0,uniquely_matched,629
PAY1628,B1025,B1025,CARD,9721.62,0,0,0,0,0,0,0,1,0,0,0,0,0,uniquely_matched,630
PAY1629,B1409,B1409,UPI,1095.00,0,0,0,0,0,0,0,1,0,0,0,0,0,uniquely_matched,631
PAY1630,B1757,B1757,CARD,1608.39,0,0,0,0,0,0,0,1,0,0,0,0,0,uniquely_matched,632
PAY1631,B1530,B1530,CARD,13655.72,0,0,0,0,0,0,0,1,0,0,0,0,0,uniquely_matched,633
PAY1632,B1776,B1776,CARD,8385.89,0,0,0,0,0,0,0,1,0,0,0,0,0,uniquely_matched,634
PAY1633,B1316,B1316,UPI,11302.63,0,0,0,0,0,0,0,1,0,0,0,0,0,uniquely_matched,635
PAY1634,B1531,B1531,UPI,12739.01,0,0,0,0,0,0,0,1,0,0,0,0,0,uniquely_matched,636
PAY1635,B1105,B1105,UPI,14294.21,0,0,0,0,0,0,0,1,0,0,0,0,0,uniquely_matched,637
PAY1636,B1748,B1748,UPI,13170.94,0,0,0,0,0,0,0,1,0,0,0,0,0,uniquely_matched,638
PAY1637,B1817,B1817,CARD,7766.36,0,0,0,0,0,0,0,1,0,0,0,0,0,uniquely_matched,639
PAY1638,B1463,B1463,NETBANKING,5703.58,0,0,0,0,0,0,0,1,0,0,0,0,0,uniquely_matched,640
PAY1639,B1245,B1245,CARD,3162.91,0,0,0,0,0,0,0,1,0,0,0,0,0,uniquely_matched,641
PAY1640,B1080,B1080,UPI,6604.50,0,0,0,0,0,0,0,1,0,0,0,0,0,uniquely_matched,642
PAY1641,B1661,B1661,NETBANKING,6130.91,0,0,0,0,0,0,0,1,0,0,0,0,0,uniquely_matched,643
PAY1642,B1908,B1908,CARD,8834.05,0,0,0,0,0,0,0,1,0,0,0,0,0,uniquely_matched,644
PAY1643,B1395,B1395,NETBANKING,10317.13,0,0,0,0,0,0,0,1,0,0,0,0,0,uniquely_matched,645
PAY1644,B1521,B1521,UPI,,1,0,0,0,0,0,0,0,0,0,0,0,0,uniquely_matched,646
PAY1645,B1832,B1832,NETBANKING,11197.41,0,0,0,0,0,0,0,1,0,0,0,0,0,uniquely_matched,647
PAY1646,B1735,B1735,NETBANKING,10012.48,0,0,0,0,0,0,0,1,0,0,0,0,0,uniquely_matched,648
PAY1647,B1925,B1925,UPI,5691.29,0,0,0,0,0,0,0,1,0,0,0,0,0,uniquely_matched,649
PAY1648,B1263,B1263,NETBANKING,1483.05,0,0,0,0,0,0,0,1,0,0,0,0,0,uniquely_matched,650
PAY1649,B1660,B1660,CARD,5033.75,0,0,0,0,0,0,0,1,0,0,0,0,0,uniquely_matched,651
PAY1650,B1789,B1789,NETBANKING,11758.27,0,0,0,0,0,0,0,1,0,0,0,0,0,uniquely_matched,652
PAY1651,B1273,B1273,CARD,3873.81,0,0,0,0,0,0,0,1,0,0,0,0,0,uniquely_matched,653
PAY1652,B1705,B1705,NETBANKING,10970.63,0,0,0,0,0,0,0,1,0,0,0,0,0,uniquely_matched,654
PAY1653,B1943,B1943,NETBANKING,9116.92,0,0,0,0,0,0,0,1,0,0,0,0,0,uniquely_matched,655
PAY1654,B1171,B1171,UPI,3406.00,0,0,0,0,0,0,0,1,0,0,0,0,0,uniquely_matched,656
PAY1655,B1264,B1264,UPI,4662.75,0,0,0,0,0,0,0,1,0,0,0,0,0,uniquely_matched,657
PAY1656,B1962,B1962,CARD,7948.25,0,0,0,0,0,0,0,1,0,0,0,0,0,uniquely_matched,658
PAY1657,B1821,B1821,UPI,,1,0,0,0,0,0,0,0,0,0,0,0,0,uniquely_matched,659
PAY1658,B1025,B1025,UPI,11899.89,0,0,0,0,0,0,0,1,0,0,0,0,0,uniquely_matched,660
PAY1659,B1468,B1468,UPI,11281.66,0,0,0,0,0,0,0,1,0,0,0,0,0,uniquely_matched,661
PAY1660,B1861,B1861,UPI,9044.04,0,0,0,0,0,0,0,1,0,0,0,0,0,uniquely_matched,662
PAY1661,B1475,B1475,UPI,12511.85,0,0,0,0,0,0,0,1,0,0,0,0,0,uniquely_matched,663
PAY1662,B1355,B1355,CARD,8877.37,0,0,0,0,0,0,0,1,0,0,0,0,0,uniquely_matched,664
PAY1663,B1025,B1025,CARD,14501.45,0,0,0,0,0,0,0,1,0,0,0,0,0,uniquely_matched,665
PAY1664,B1033,B1033,UPI,,1,0,0,0,0,0,0,0,0,0,0,0,0,uniquely_matched,666
PAY1665,B1263,B1263,UPI,10997.85,0,0,0,0,0,0,0,1,0,0,0,0,0,uniquely_matched,667
PAY1666,B1137,B1137,CARD,6179.22,0,0,0,0,0,0,0,1,0,0,0,0,0,uniquely_matched,668
PAY1667,B1815,B1815,NETBANKING,4905.53,0,0,0,0,0,0,0,1,0,0,0,0,0,uniquely_matched,669
PAY1668,B1694,B1694,CARD,3525.42,0,0,0,0,0,0,0,1,0,0,0,0,0,uniquely_matched,670
PAY1669,B1874,B1874,NETBANKING,8735.05,0,0,0,0,0,0,0,1,0,0,0,0,0,uniquely_matched,671
PAY1670,B1753,B1753,UPI,4016.57,0,0,0,0,0,0,0,1,0,0,0,0,0,uniquely_matched,672
PAY1671,B1565,B1565,UPI,3804.91,0,0,0,0,0,0,0,1,0,0,0,0,0,uniquely_matched,673
PAY1672,B1461,B1461,CARD,14867.45,0,0,0,0,0,0,0,1,0,0,0,0,0,uniquely_matched,674
PAY1673,B1167,B1167,UPI,12224.46,0,0,0,0,0,0,0,1,0,0,0,0,0,uniquely_matched,675
PAY1674,B1630,B1630,NETBANKING,11475.88,0,0,0,0,0,0,0,1,0,0,0,0,0,uniquely_matched,676
PAY1675,B1654,B1654,NETBANKING,12116.85,0,0,0,0,0,0,0,1,0,0,0,0,0,uniquely_matched,677
PAY1676,B1080,B1080,CARD,14564.92,0,0,0,0,0,0,0,1,0,0,0,0,0,uniquely_matched,678
PAY1677,B1756,B1756,NETBANKING,,0,0,1,0,0,0,0,0,0,0,0,0,0,uniquely_matched,679
PAY1678,B1913,B1913,CARD,4083.41,0,0,0,0,0,0,0,1,0,0,0,0,0,uniquely_matched,680
PAY1679,B1863,B1863,CARD,13070.93,0,0,0,0,0,0,0,1,0,0,0,0,0,uniquely_matched,681
PAY1680,B1869,B1869,NETBANKING,11398.23,0,0,0,0,0,0,0,1,0,0,0,0,0,uniquely_matched,682
PAY1681,B1406,B1406,NETBANKING,6800.32,0,0,0,0,0,0,0,1,0,0,0,0,0,uniquely_matched,683
PAY1682,B1573,B1573,NETBANKING,7629.97,0,0,0,0,0,0,0,1,0,0,0,0,0,uniquely_matched,684
PAY1683,B1045,B1045,NETBANKING,,0,0,1,0,0,0,0,0,0,0,0,0,0,uniquely_matched,685
PAY1684,B1598,B1598,NETBANKING,14019.19,0,0,0,0,0,0,0,1,0,0,0,0,0,uniquely_matched,686
PAY1685,B1610,B1610,NETBANKING,5809.44,0,0,0,0,0,0,0,1,0,0,0,0,0,uniquely_matched,687
PAY1686,B1806,B1806,NETBANKING,14488.78,0,0,0,0,0,0,0,1,0,0,0,0,0,uniquely_matched,688
PAY1687,B1910,B1910,UPI,13743.80,0,0,0,0,0,0,0,1,0,0,0,0,0,uniquely_matched,689
PAY1688,B1052,B1052,CARD,9827.30,0,0,0,0,0,0,0,1,0,0,0,0,0,uniquely_matched,690
PAY1689,B1983,B1983,CARD,9117.50,0,0,0,0,0,0,0,1,0,0,0,0,0,uniquely_matched,691
PAY1690,B1703,B1703,NETBANKING,6181.25,0,0,0,0,0,0,0,1,0,0,0,0,0,uniquely_matched,692
PAY1691,B1958,B1958,CARD,1256.74,0,0,0,0,0,0,0,1,0,0,0,0,0,uniquely_matched,693
PAY1692,B1475,B1475,NETBANKING,2786.72,0,0,0,0,0,0,0,1,0,0,0,0,0,uniquely_matched,694
PAY1693,B1591,B1591,UPI,11559.24,0,0,0,0,0,0,0,1,0,0,0,0,0,uniquely_matched,695
PAY1694,B1015,B1015,CARD,7601.56,0,0,0,0,0,0,0,1,0,0,0,0,0,uniquely_matched,696
PAY1695,B1359,B1359,CARD,3097.73,0,0,0,0,0,0,0,1,0,0,0,0,0,uniquely_matched,697
PAY1696,B1486,B1486,UPI,4695.45,0,0,0,0,0,0,0,1,0,0,0,0,0,uniquely_matched,698
PAY1697,B1837,B1837,UPI,14269.72,0,0,0,0,0,0,0,1,0,0,0,0,0,uniquely_matched,699
PAY1698,B1705,B1705,UPI,6139.86,0,0,0,0,0,0,0,1,0,0,0,0,0,uniquely_matched,700
PAY1699,B1501,B1501,CARD,13707.55,0,0,0,0,0,0,0,1,0,0,0,0,0,uniquely_matched,701
PAY1700,B1140,B1140,CARD,,0,0,1,0,0,0,0,0,0,0,0,0,0,uniquely_matched,702
PAY1701,B1619,B1619,UPI,8605.08,0,0,0,0,0,0,0,1,0,0,0,0,0,uniquely_matched,703
PAY1702,B1814,B1814,UPI,1286.68,0,0,0,0,0,0,0,1,0,0,0,0,0,uniquely_matched,704
PAY1703,B1776,B1776,UPI,8306.25,0,0,0,0,0,0,0,1,0,0,0,0,0,uniquely_matched,705
PAY1704,B1446,B1446,UPI,,1,0,0,0,0,0,0,0,0,0,0,0,0,uniquely_matched,706
PAY1705,B1289,B1289,UPI,,1,0,0,0,0,0,0,0,0,0,0,0,0,uniquely_matched,707
PAY1706,B1208,B1208,NETBANKING,9105.12,0,0,0,0,0,0,0,1,0,0,0,0,0,uniquely_matched,708
PAY1707,B1474,B1474,UPI,10060.35,0,0,0,0,0,0,0,1,0,0,0,0,0,uniquely_matched,709
PAY1708,B1412,B1412,NETBANKING,10616.41,0,0,0,0,0,0,0,1,0,0,0,0,0,uniquely_matched,710
PAY1709,B1676,B1676,CARD,11869.65,0,0,0,0,0,0,0,1,0,0,0,0,0,uniquely_matched,711
PAY1710,B1426,B1426,CARD,,1,0,0,0,0,0,0,0,0,0,0,0,0,uniquely_matched,712
PAY1711,B1853,B1853,NETBANKING,8948.88,0,0,0,0,0,0,0,1,0,0,0,0,0,uniquely_matched,713
PAY1712,B1370,B1370,UPI,14742.11,0,0,0,0,0,0,0,1,0,0,0,0,0,uniquely_matched,714
PAY1713,B1831,B1831,CARD,13574.02,0,0,0,0,0,0,0,1,0,0,0,0,0,uniquely_matched,715
PAY1714,B1663,B1663,UPI,14337.32,0,0,0,0,0,0,0,1,0,0,0,0,0,uniquely_matched,716
PAY1715,B1966,B1966,UPI,6405.91,0,0,0,0,0,0,0,1,0,0,0,0,0,uniquely_matched,717
PAY1716,B1289,B1289,NETBANKING,12016.99,0,0,0,0,0,0,0,1,0,0,0,0,0,uniquely_matched,718
PAY1717,B1431,B1431,CARD,9678.57,0,0,0,0,0,0,0,1,0,0,0,0,0,uniquely_matched,719
PAY1718,B1267,B1267,CARD,2158.29,0,0,0,0,0,0,0,1,0,0,0,0,0,uniquely_matched,720
PAY1719,B1150,B1150,NETBANKING,12535.73,0,0,0,0,0,0,0,1,0,0,0,0,0,uniquely_matched,721
PAY1720,B1718,B1718,UPI,10479.42,0,0,0,0,0,0,0,1,0,0,0,0,0,uniquely_matched,722
PAY1721,B1254,B1254,UPI,,1,0,0,0,0,0,0,0,0,0,0,0,0,uniquely_matched,723
PAY1722,B1352,B1352,CARD,2116.34,0,0,0,0,0,0,0,1,0,0,0,0,0,uniquely_matched,724
PAY1723,B1376,B1376,NETBANKING,12718.31,0,0,0,0,0,0,0,1,0,0,0,0,0,uniquely_matched,725
PAY1724,B1652,B1652,NETBANKING,2104.63,0,0,0,0,0,0,0,1,0,0,0,0,0,uniquely_matched,726
PAY1725,B1854,B1854,UPI,2278.95,0,0,0,0,0,0,0,1,0,0,0,0,0,uniquely_matched,727
PAY1726,B1357,B1357,UPI,6983.72,0,0,0,0,0,0,0,1,0,0,0,0,0,uniquely_matched,728
PAY1727,B1607,B1607,NETBANKING,2887.17,0,0,0,0,0,0,0,1,0,0,0,0,0,uniquely_matched,729
PAY1728,B1940,B1940,CARD,13791.37,0,0,0,0,0,0,0,1,0,0,0,0,0,uniquely_matched,730
PAY1729,B1369,B1369,UPI,7583.98,0,0,0,0,0,0,0,1,0,0,0,0,0,uniquely_matched,731
PAY1730,B1226,B1226,NETBANKING,8968.11,0,0,0,0,0,0,0,1,0,0,0,0,0,uniquely_matched,732
PAY1731,B1704,B1704,NETBANKING,13993.49,0,0,0,0,0,0,0,1,0,0,0,0,0,uniquely_matched,733
PAY1732,B1302,B1302,NETBANKING,8423.69,0,0,0,0,0,0,0,1,0,0,0,0,0,uniquely_matched,734
PAY1733,B1825,B1825,CARD,5950.28,0,0,0,0,0,0,0,1,0,0,0,0,0,uniquely_matched,735
PAY1734,B1388,B1388,UPI,12160.17,0,0,0,0,0,0,0,1,0,0,0,0,0,uniquely_matched,736
PAY1735,B1376,B1376,UPI,7199.90,0,0,0,0,0,0,0,1,0,0,0,0,0,uniquely_matched,737
PAY1736,B1972,B1972,UPI,5458.57,0,0,0,0,0,0,0,1,0,0,0,0,0,uniquely_matched,738
PAY1737,B1117,B1117,CARD,11125.21,0,0,0,0,0,0,0,1,0,0,0,0,0,uniquely_matched,739
PAY1738,B1004,B1004,UPI,12222.48,0,0,0,0,0,0,0,1,0,0,0,0,0,uniquely_matched,740
PAY1739,B1443,B1443,UPI,,0,0,1,0,0,0,0,0,0,0,0,0,0,uniquely_matched,741
PAY1740,B1351,B1351,UPI,14687.44,0,0,0,0,0,0,0,1,0,0,0,0,0,uniquely_matched,742
PAY1741,B1754,B1754,UPI,12013.34,0,0,0,0,0,0,0,1,0,0,0,0,0,uniquely_matched,743
PAY1742,B1532,B1532,CARD,,1,0,0,0,0,0,0,0,0,0,0,0,0,uniquely_matched,744
PAY1743,B1663,B1663,NETBANKING,13004.79,0,0,0,0,0,0,0,1,0,0,0,0,0,uniquely_matched,745
PAY1744,B1639,B1639,NETBANKING,1002.59,0,0,0,0,0,0,0,1,0,0,0,0,0,uniquely_matched,746
PAY1745,B1123,B1123,UPI,6074.04,0,0,0,0,0,0,0,1,0,0,0,0,0,uniquely_matched,747
PAY1746,B1657,B1657,UPI,11326.44,0,0,0,0,0,0,0,1,0,0,0,0,0,uniquely_matched,748
PAY1747,B1276,B1276,UPI,9396.07,0,0,0,0,0,0,0,1,0,0,0,0,0,uniquely_matched,749
PAY1748,B1821,B1821,CARD,,1,0,0,0,0,0,0,0,0,0,0,0,0,uniquely_matched,750
PAY1749,B1393,B1393,UPI,5252.26,0,0,0,0,0,0,0,1,0,0,0,0,0,uniquely_matched,751
PAY1750,B1663,B1663,CARD,5715.10,0,0,0,0,0,0,0,1,0,0,0,0,0,uniquely_matched,752
PAY1751,B1359,B1359,UPI,8949.59,0,0,0,0,0,0,0,1,0,0,0,0,0,uniquely_matched,753
PAY1752,B1622,B1622,UPI,12642.38,0,0,0,0,0,0,0,1,0,0,0,0,0,uniquely_matched,754
PAY1753,B1468,B1468,NETBANKING,14054.88,0,0,0,0,0,0,0,1,0,0,0,0,0,uniquely_matched,755
PAY1754,B1984,B1984,UPI,11501.29,0,0,0,0,0,0,0,1,0,0,0,0,0,uniquely_matched,756
PAY1755,B1627,B1627,CARD,12801.31,0,0,0,0,0,0,0,1,0,0,0,0,0,uniquely_matched,757
PAY1756,B1699,B1699,NETBANKING,,0,0,1,0,0,0,0,0,0,0,0,0,0,uniquely_matched,758
PAY1757,B1056,B1056,CARD,,1,0,0,0,0,0,0,0,0,0,0,0,0,uniquely_matched,759
PAY1758,B1250,B1250,NETBANKING,6497.92,0,0,0,0,0,0,0,1,0,0,0,0,0,uniquely_matched,760
PAY1759,B1895,B1895,CARD,9624.54,0,0,0,0,0,0,0,1,0,0,0,0,0,uniquely_matched,761
PAY1760,B1918,B1918,NETBANKING,2739.31,0,0,0,0,0,0,0,1,0,0,0,0,0,uniquely_matched,762
PAY1761,B1149,B1149,CARD,9112.92,0,0,0,0,0,0,0,1,0,0,0,0,0,uniquely_matched,763
PAY1762,B1451,B1451,CARD,10311.86,0,0,0,0,0,0,0,1,0,0,0,0,0,uniquely_matched,764
PAY1763,B1161,B1161,UPI,7144.72,0,0,0,0,0,0,0,1,0,0,0,0,0,uniquely_matched,765
PAY1764,B1119,B1119,NETBANKING,14344.34,0,0,0,0,0,0,0,1,0,0,0,0,0,uniquely_matched,766
PAY1765,B1581,B1581,NETBANKING,9514.99,0,0,0,0,0,0,0,1,0,0,0,0,0,uniquely_matched,767
PAY1766,B1923,B1923,UPI,,1,0,0,0,0,0,0,0,0,0,0,0,0,uniquely_matched,768
PAY1767,B1350,B1350,CARD,7709.03,0,0,0,0,0,0,0,1,0,0,0,0,0,uniquely_matched,769
PAY1768,B1098,B1098,CARD,10455.66,0,0,0,0,0,0,0,1,0,0,0,0,0,uniquely_matched,770
PAY1769,B1166,B1166,NETBANKING,5530.81,0,0,0,0,0,0,0,1,0,0,0,0,0,uniquely_matched,771
PAY1770,B1809,B1809,CARD,2114.98,0,0,0,0,0,0,0,1,0,0,0,0,0,uniquely_matched,772
PAY1771,B1662,B1662,NETBANKING,9168.10,0,0,0,0,0,0,0,1,0,0,0,0,0,uniquely_matched,773
PAY1772,B1837,B1837,NETBANKING,14270.18,0,0,0,0,0,0,0,1,0,0,0,0,0,uniquely_matched,774
PAY1773,B1975,B1975,CARD,7791.01,0,0,0,0,0,0,0,1,0,0,0,0,0,uniquely_matched,775
PAY1774,B1513,B1513,CARD,13685.53,0,0,0,0,0,0,0,1,0,0,0,0,0,uniquely_matched,776
PAY1775,B1663,B1663,CARD,12690.33,0,0,0,0,0,0,0,1,0,0,0,0,0,uniquely_matched,777
PAY1776,B1400,B1400,UPI,3063.78,0,0,0,0,0,0,0,1,0,0,0,0,0,uniquely_matched,778
PAY1777,B1364,B1364,NETBANKING,10914.38,0,0,0,0,0,0,0,1,0,0,0,0,0,uniquely_matched,779
PAY1778,B1576,B1576,CARD,,0,0,1,0,0,0,0,0,0,0,0,0,0,uniquely_matched,780
PAY1779,B1325,B1325,UPI,4503.45,0,0,0,0,0,0,0,1,0,0,0,0,0,uniquely_matched,781
PAY1780,B1580,B1580,CARD,10617.14,0,0,0,0,0,0,0,1,0,0,0,0,0,uniquely_matched,782
PAY1781,B1632,B1632,NETBANKING,11397.25,0,0,0,0,0,0,0,1,0,0,0,0,0,uniquely_matched,783
PAY1782,B1620,B1620,UPI,3518.55,0,0,0,0,0,0,0,1,0,0,0,0,0,uniquely_matched,784
PAY1783,B1827,B1827,NETBANKING,13802.23,0,0,0,0,0,0,0,1,0,0,0,0,0,uniquely_matched,785
PAY1784,B1246,B1246,CARD,11516.06,0,0,0,0,0,0,0,1,0,0,0,0,0,uniquely_matched,786
PAY1785,B1433,B1433,CARD,14067.26,0,0,0,0,0,0,0,1,0,0,0,0,0,uniquely_matched,787
PAY1786,B1092,B1092,CARD,5439.03,0,0,0,0,0,0,0,1,0,0,0,0,0,uniquely_matched,788
PAY1787,B1267,B1267,UPI,14150.69,0,0,0,0,0,0,0,1,0,0,0,0,0,uniquely_matched,789
PAY1788,B1614,B1614,UPI,6159.25,0,0,0,0,0,0,0,1,0,0,0,0,0,uniquely_matched,790
PAY1789,B1942,B1942,UPI,1755.58,0,0,0,0,0,0,0,1,0,0,0,0,0,uniquely_matched,791
PAY1790,B1962,B1962,UPI,11681.57,0,0,0,0,0,0,0,1,0,0,0,0,0,uniquely_matched,792
PAY1791,B1623,B1623,CARD,10849.11,0,0,0,0,0,0,0,1,0,0,0,0,0,uniquely_matched,793
PAY1792,B1320,B1320,CARD,9370.75,0,0,0,0,0,0,0,1,0,0,0,0,0,uniquely_matched,794
PAY1793,B1922,B1922,CARD,7858.51,0,0,0,0,0,0,0,1,0,0,0,0,0,uniquely_matched,795
PAY1794,B1815,B1815,UPI,1450.31,0,0,0,0,0,0,0,1,0,0,0,0,0,uniquely_matched,796
PAY1795,B1855,B1855,UPI,9744.36,0,0,0,0,0,0,0,1,0,0,0,0,0,uniquely_matched,797
PAY1796,B1061,B1061,CARD,6835.68,0,0,0,0,0,0,0,1,0,0,0,0,0,uniquely_matched,798
PAY1797,B1299,B1299,CARD,8842.93,0,0,0,0,0,0,0,1,0,0,0,0,0,uniquely_matched,799
PAY1798,B1402,B1402,UPI,7010.50,0,0,0,0,0,0,0,1,0,0,0,0,0,uniquely_matched,800
PAY1799,B1954,B1954,NETBANKING,14524.79,0,0,0,0,0,0,0,1,0,0,0,0,0,uniquely_matched,801
PAY1800,B1647,B1647,CARD,9457.52,0,0,0,0,0,0,0,1,0,0,0,0,0,uniquely_matched,802
PAY1801,B1566,B1566,CARD,11489.31,0,0,0,0,0,0,0,1,0,0,0,0,0,uniquely_matched,803
PAY1802,B1619,B1619,CARD,14108.86,0,0,0,0,0,0,0,1,0,0,0,0,0,uniquely_matched,804
PAY1803,B1302,B1302,UPI,9282.39,0,0,0,0,0,0,0,1,0,0,0,0,0,uniquely_matched,805
PAY1804,B1769,B1769,CARD,1168.88,0,0,0,0,0,0,0,1,0,0,0,0,0,uniquely_matched,806
PAY1805,B1252,B1252,CARD,1480.08,0,0,0,0,0,0,0,1,0,0,0,0,0,uniquely_matched,807
PAY1806,B1733,B1733,CARD,10832.74,0,0,0,0,0,0,0,1,0,0,0,0,0,uniquely_matched,808
PAY1807,B1477,B1477,CARD,4907.19,0,0,0,0,0,0,0,1,0,0,0,0,0,uniquely_matched,809
PAY1808,B1368,B1368,CARD,9111.32,0,0,0,0,0,0,0,1,0,0,0,0,0,uniquely_matched,810
PAY1809,B1678,B1678,NETBANKING,3831.88,0,0,0,0,0,0,0,1,0,0,0,0,0,uniquely_matched,811
PAY1810,B1940,B1940,NETBANKING,4783.48,0,0,0,0,0,0,0,1,0,0,0,0,0,uniquely_matched,812
PAY1811,B1159,B1159,CARD,8064.97,0,0,0,0,0,0,0,1,0,0,0,0,0,uniquely_matched,813
PAY1812,B1960,B1960,CARD,14657.97,0,0,0,0,0,0,0,1,0,0,0,0,0,uniquely_matched,814
PAY1813,B1165,B1165,CARD,9627.79,0,0,0,0,0,0,0,1,0,0,0,0,0,uniquely_matched,815
PAY1814,B1204,B1204,CARD,14106.07,0,0,0,0,0,0,0,1,0,0,0,0,0,uniquely_matched,816
PAY1815,B1266,B1266,UPI,14431.32,0,0,0,0,0,0,0,1,0,0,0,0,0,uniquely_matched,817
PAY1816,B1137,B1137,UPI,3913.54,0,0,0,0,0,0,0,1,0,0,0,0,0,uniquely_matched,818
PAY1817,B1367,B1367,UPI,,0,0,1,0,0,0,0,0,0,0,0,0,0,uniquely_matched,819
PAY1818,B1442,B1442,NETBANKING,11779.89,0,0,0,0,0,0,0,1,0,0,0,0,0,uniquely_matched,820
PAY1819,B1857,B1857,CARD,13134.70,0,0,0,0,0,0,0,1,0,0,0,0,0,uniquely_matched,821
PAY1820,B1759,B1759,UPI,8269.17,0,0,0,0,0,0,0,1,0,0,0,0,0,uniquely_matched,822
PAY1821,B1566,B1566,CARD,14905.16,0,0,0,0,0,0,0,1,0,0,0,0,0,uniquely_matched,823
PAY1822,B1915,B1915,CARD,1162.01,0,0,0,0,0,0,0,1,0,0,0,0,0,uniquely_matched,824
PAY1823,B1720,B1720,NETBANKING,5194.30,0,0,0,0,0,0,0,1,0,0,0,0,0,uniquely_matched,825
PAY1824,B1016,B1016,NETBANKING,9724.26,0,0,0,0,0,0,0,1,0,0,0,0,0,uniquely_matched,826
PAY1825,B1067,B1067,UPI,7570.06,0,0,0,0,0,0,0,1,0,0,0,0,0,uniquely_matched,827
PAY1826,B1132,B1132,UPI,2632.44,0,0,0,0,0,0,0,1,0,0,0,0,0,uniquely_matched,828
PAY1827,B1699,B1699,NETBANKING,6149.02,0,0,0,0,0,0,0,1,0,0,0,0,0,uniquely_matched,829
PAY1828,B1918,B1918,NETBANKING,1356.26,0,0,0,0,0,0,0,1,0,0,0,0,0,uniquely_matched,830
PAY1829,B1429,B1429,CARD,9998.44,0,0,0,0,0,0,0,1,0,0,0,0,0,uniquely_matched,831
PAY1830,B1307,B1307,CARD,13498.40,0,0,0,0,0,0,0,1,0,0,0,0,0,uniquely_matched,832
PAY1831,B1649,B1649,UPI,13388.24,0,0,0,0,0,0,0,1,0,0,0,0,0,uniquely_matched,833
PAY1832,B1173,B1173,UPI,,0,0,1,0,0,0,0,0,0,0,0,0,0,uniquely_matched,834
PAY1833,B1411,B1411,NETBANKING,7520.78,0,0,0,0,0,0,0,1,0,0,0,0,0,uniquely_matched,835
PAY1834,B1096,B1096,UPI,8168.44,0,0,0,0,0,0,0,1,0,0,0,0,0,uniquely_matched,836
PAY1835,B1682,B1682,CARD,2916.86,0,0,0,0,0,0,0,1,0,0,0,0,0,uniquely_matched,837
PAY1836,B1153,B1153,NETBANKING,5774.24,0,0,0,0,0,0,0,1,0,0,0,0,0,uniquely_matched,838
PAY1837,B1694,B1694,CARD,3628.19,0,0,0,0,0,0,0,1,0,0,0,0,0,uniquely_matched,839
PAY1838,B1241,B1241,NETBANKING,,1,0,0,0,0,0,0,0,0,0,0,0,0,uniquely_matched,840
PAY1839,B1303,B1303,NETBANKING,13806.55,0,0,0,0,0,0,0,1,0,0,0,0,0,uniquely_matched,841
PAY1840,B1284,B1284,CARD,8516.93,0,0,0,0,0,0,0,1,0,0,0,0,0,uniquely_matched,842
PAY1841,B1026,B1026,UPI,11188.70,0,0,0,0,0,0,0,1,0,0,0,0,0,uniquely_matched,843
PAY1842,B1401,B1401,UPI,2700.51,0,0,0,0,0,0,0,1,0,0,0,0,0,uniquely_matched,844
PAY1843,B1359,B1359,UPI,9519.49,0,0,0,0,0,0,0,1,0,0,0,0,0,uniquely_matched,845
PAY1844,B1059,B1059,UPI,10839.07,0,0,0,0,0,0,0,1,0,0,0,0,0,uniquely_matched,846
PAY1845,B1201,B1201,CARD,7338.75,0,0,0,0,0,0,0,1,0,0,0,0,0,uniquely_matched,847
PAY1846,B1761,B1761,NETBANKING,4405.82,0,0,0,0,0,0,0,1,0,0,0,0,0,uniquely_matched,848
PAY1847,B1873,B1873,CARD,13283.24,0,0,0,0,0,0,0,1,0,0,0,0,0,uniquely_matched,849
PAY1848,B1580,B1580,UPI,11400.72,0,0,0,0,0,0,0,1,0,0,0,0,0,uniquely_matched,850
PAY1849,B1969,B1969,UPI,13598.00,0,0,0,0,0,0,0,1,0,0,0,0,0,uniquely_matched,851
PAY1850,B1369,B1369,CARD,,0,0,1,0,0,0,0,0,0,0,0,0,0,uniquely_matched,852
PAY1851,B1532,B1532,NETBANKING,14865.24,0,0,0,0,0,0,0,1,0,0,0,0,0,uniquely_matched,853
PAY1852,B1151,B1151,CARD,,0,0,1,0,0,0,0,0,0,0,0,0,0,uniquely_matched,854
PAY1853,B1101,B1101,CARD,2214.47,0,0,0,0,0,0,0,1,0,0,0,0,0,uniquely_matched,855
PAY1854,B1898,B1898,CARD,5718.04,0,0,0,0,0,0,0,1,0,0,0,0,0,uniquely_matched,856
PAY1855,B1999,B1999,NETBANKING,2806.06,0,0,0,0,0,0,0,1,0,0,0,0,0,uniquely_matched,857
PAY1856,B1606,B1606,CARD,8323.82,0,0,0,0,0,0,0,1,0,0,0,0,0,uniquely_matched,858
PAY1857,B1445,B1445,CARD,9862.40,0,0,0,0,0,0,0,1,0,0,0,0,0,uniquely_matched,859
PAY1858,B1872,B1872,UPI,9096.04,0,0,0,0,0,0,0,1,0,0,0,0,0,uniquely_matched,860
PAY1859,B1228,B1228,CARD,4629.36,0,0,0,0,0,0,0,1,0,0,0,0,0,uniquely_matched,861
PAY1860,B1124,B1124,UPI,13723.54,0,0,0,0,0,0,0,1,0,0,0,0,0,uniquely_matched,862
PAY1861,B1769,B1769,UPI,1296.41,0,0,0,0,0,0,0,1,0,0,0,0,0,uniquely_matched,863
PAY1862,B1833,B1833,UPI,5872.19,0,0,0,0,0,0,0,1,0,0,0,0,0,uniquely_matched,864
PAY1863,B1998,B1998,NETBANKING,11065.89,0,0,0,0,0,0,0,1,0,0,0,0,0,uniquely_matched,865
PAY1864,B1880,B1880,UPI,11737.00,0,0,0,0,0,0,0,1,0,0,0,0,0,uniquely_matched,866
PAY1865,B1937,B1937,CARD,6825.66,0,0,0,0,0,0,0,1,0,0,0,0,0,uniquely_matched,867
PAY1866,B1235,B1235,CARD,1236.74,0,0,0,0,0,0,0,1,0,0,0,0,0,uniquely_matched,868
PAY1867,B1161,B1161,UPI,9652.61,0,0,0,0,0,0,0,1,0,0,0,0,0,uniquely_matched,869
PAY1868,B1553,B1553,UPI,1883.33,0,0,0,0,0,0,0,1,0,0,0,0,0,uniquely_matched,870
PAY1869,B1787,B1787,CARD,2509.98,0,0,0,0,0,0,0,1,0,0,0,0,0,uniquely_matched,871
PAY1870,B1352,B1352,UPI,10103.51,0,0,0,0,0,0,0,1,0,0,0,0,0,uniquely_matched,872
PAY1871,B1067,B1067,NETBANKING,5374.84,0,0,0,0,0,0,0,1,0,0,0,0,0,uniquely_matched,873
PAY1872,B1172,B1172,UPI,5872.42,0,0,0,0,0,0,0,1,0,0,0,0,0,uniquely_matched,874
PAY1873,B1842,B1842,NETBANKING,7815.30,0,0,0,0,0,0,0,1,0,0,0,0,0,uniquely_matched,875
PAY1874,B1636,B1636,NETBANKING,14700.10,0,0,0,0,0,0,0,1,0,0,0,0,0,uniquely_matched,876
PAY1875,B1681,B1681,NETBANKING,14516.19,0,0,0,0,0,0,0,1,0,0,0,0,0,uniquely_matched,877
PAY1876,B1558,B1558,UPI,6827.65,0,0,0,0,0,0,0,1,0,0,0,0,0,uniquely_matched,878
PAY1877,B1260,B1260,NETBANKING,4716.99,0,0,0,0,0,0,0,1,0,0,0,0,0,uniquely_matched,879
PAY1878,B1216,B1216,NETBANKING,5236.29,0,0,0,0,0,0,0,1,0,0,0,0,0,uniquely_matched,880
PAY1879,B1816,B1816,UPI,4762.94,0,0,0,0,0,0,0,1,0,0,0,0,0,uniquely_matched,881
PAY1880,B1123,B1123,NETBANKING,8451.44,0,0,0,0,0,0,0,1,0,0,0,0,0,uniquely_matched,882
PAY1881,B1804,B1804,UPI,9496.04,0,0,0,0,0,0,0,1,0,0,0,0,0,uniquely_matched,883
PAY1882,B1161,B1161,CARD,7842.91,0,0,0,0,0,0,0,1,0,0,0,0,0,uniquely_matched,884
PAY1883,B1200,B1200,NETBANKING,6711.92,0,0,0,0,0,0,0,1,0,0,0,0,0,uniquely_matched,885
PAY1884,B1453,B1453,UPI,3957.99,0,0,0,0,0,0,0,1,0,0,0,0,0,uniquely_matched,886
PAY1885,B1401,B1401,CARD,7755.08,0,0,0,0,0,0,0,1,0,0,0,0,0,uniquely_matched,887
PAY1886,B1461,B1461,NETBANKING,5775.44,0,0,0,0,0,0,0,1,0,0,0,0,0,uniquely_matched,888
PAY1887,B1274,B1274,NETBANKING,8582.34,0,0,0,0,0,0,0,1,0,0,0,0,0,uniquely_matched,889
PAY1888,B1205,B1205,UPI,10452.65,0,0,0,0,0,0,0,1,0,0,0,0,0,uniquely_matched,890
PAY1889,B1039,B1039,CARD,9866.37,0,0,0,0,0,0,0,1,0,0,0,0,0,uniquely_matched,891
PAY1890,B1272,B1272,UPI,,1,0,0,0,0,0,0,0,0,0,0,0,0,uniquely_matched,892
PAY1891,B1699,B1699,NETBANKING,8784.73,0,0,0,0,0,0,0,1,0,0,0,0,0,uniquely_matched,893
PAY1892,B1866,B1866,NETBANKING,4987.99,0,0,0,0,0,0,0,1,0,0,0,0,0,uniquely_matched,894
PAY1893,B1092,B1092,NETBANKING,1339.36,0,0,0,0,0,0,0,1,0,0,0,0,0,uniquely_matched,895
PAY1894,B1041,B1041,NETBANKING,9750.27,0,0,0,0,0,0,0,1,0,0,0,0,0,uniquely_matched,896
PAY1895,B1464,B1464,CARD,4535.96,0,0,0,0,0,0,0,1,0,0,0,0,0,uniquely_matched,897
PAY1896,B1378,B1378,CARD,10365.35,0,0,0,0,0,0,0,1,0,0,0,0,0,uniquely_matched,898
PAY1897,B1106,B1106,UPI,,0,0,1,0,0,0,0,0,0,0,0,0,0,uniquely_matched,899
PAY1898,B1327,B1327,UPI,13822.99,0,0,0,0,0,0,0,1,0,0,0,0,0,uniquely_matched,900
PAY1899,B1064,B1064,UPI,14413.72,0,0,0,0,0,0,0,1,0,0,0,0,0,uniquely_matched,901
PAY1900,B1364,B1364,NETBANKING,1147.36,0,0,0,0,0,0,0,1,0,0,0,0,0,uniquely_matched,902
PAY1901,B1820,B1820,UPI,14865.24,0,0,0,0,0,0,0,1,0,0,0,0,0,uniquely_matched,903
PAY1902,B1483,B1483,CARD,10562.26,0,0,0,0,0,0,0,1,0,0,0,0,0,uniquely_matched,904
PAY1903,B1646,B1646,UPI,10009.34,0,0,0,0,0,0,0,1,0,0,0,0,0,uniquely_matched,905
PAY1904,B1900,B1900,UPI,1212.98,0,0,0,0,0,0,0,1,0,0,0,0,0,uniquely_matched,906
PAY1905,B1023,B1023,CARD,13057.27,0,0,0,0,0,0,0,1,0,0,0,0,0,uniquely_matched,907
PAY1906,B1539,B1539,CARD,3036.88,0,0,0,0,0,0,0,1,0,0,0,0,0,uniquely_matched,908
PAY1907,B1061,B1061,NETBANKING,12722.62,0,0,0,0,0,0,0,1,0,0,0,0,0,uniquely_matched,909
PAY1908,B1490,B1490,CARD,1217.88,0,0,0,0,0,0,0,1,0,0,0,0,0,uniquely_matched,910
PAY1909,B1272,B1272,CARD,10043.50,0,0,0,0,0,0,0,1,0,0,0,0,0,uniquely_matched,911
PAY1910,B1228,B1228,UPI,7087.22,0,0,0,0,0,0,0,1,0,0,0,0,0,uniquely_matched,912
PAY1911,B1019,B1019,CARD,3810.73,0,0,0,0,0,0,0,1,0,0,0,0,0,uniquely_matched,913
PAY1912,B1002,B1002,NETBANKING,2505.86,0,0,0,0,0,0,0,1,0,0,0,0,0,uniquely_matched,914
PAY1913,B1420,B1420,UPI,7161.79,0,0,0,0,0,0,0,1,0,0,0,0,0,uniquely_matched,915
PAY1914,B1729,B1729,NETBANKING,2726.28,0,0,0,0,0,0,0,1,0,0,0,0,0,uniquely_matched,916
PAY1915,B1910,B1910,CARD,7810.25,0,0,0,0,0,0,0,1,0,0,0,0,0,uniquely_matched,917
PAY1916,B1306,B1306,NETBANKING,9753.04,0,0,0,0,0,0,0,1,0,0,0,0,0,uniquely_matched,918
PAY1917,B1431,B1431,NETBANKING,12583.38,0,0,0,0,0,0,0,1,0,0,0,0,0,uniquely_matched,919
PAY1918,B1135,B1135,CARD,10501.09,0,0,0,0,0,0,0,1,0,0,0,0,0,uniquely_matched,920
PAY1919,B1908,B1908,CARD,1912.80,0,0,0,0,0,0,0,1,0,0,0,0,0,uniquely_matched,921
PAY1920,B1943,B1943,UPI,5304.06,0,0,0,0,0,0,0,1,0,0,0,0,0,uniquely_matched,922
PAY1921,B1514,B1514,UPI,,1,0,0,0,0,0,0,0,0,0,0,0,0,uniquely_matched,923
PAY1922,B1192,B1192,UPI,,1,0,0,0,0,0,0,0,0,0,0,0,0,uniquely_matched,924
PAY1923,B1584,B1584,CARD,13148.95,0,0,0,0,0,0,0,1,0,0,0,0,0,uniquely_matched,925
PAY1924,B1414,B1414,NETBANKING,6182.07,0,0,0,0,0,0,0,1,0,0,0,0,0,uniquely_matched,926
PAY1925,B1872,B1872,NETBANKING,,1,0,0,0,0,0,0,0,0,0,0,0,0,uniquely_matched,927
PAY1926,B1117,B1117,UPI,13517.50,0,0,0,0,0,0,0,1,0,0,0,0,0,uniquely_matched,928
PAY1927,B1665,B1665,UPI,13434.66,0,0,0,0,0,0,0,1,0,0,0,0,0,uniquely_matched,929
PAY1928,B1208,B1208,CARD,12966.45,0,0,0,0,0,0,0,1,0,0,0,0,0,uniquely_matched,930
PAY1929,B1951,B1951,NETBANKING,12831.14,0,0,0,0,0,0,0,1,0,0,0,0,0,uniquely_matched,931
PAY1930,B1033,B1033,UPI,7723.56,0,0,0,0,0,0,0,1,0,0,0,0,0,uniquely_matched,932
PAY1931,B1648,B1648,CARD,3484.04,0,0,0,0,0,0,0,1,0,0,0,0,0,uniquely_matched,933
PAY1932,B1317,B1317,UPI,7684.83,0,0,0,0,0,0,0,1,0,0,0,0,0,uniquely_matched,934
PAY1933,B1119,B1119,CARD,7924.37,0,0,0,0,0,0,0,1,0,0,0,0,0,uniquely_matched,935
PAY1934,B1626,B1626,NETBANKING,7859.04,0,0,0,0,0,0,0,1,0,0,0,0,0,uniquely_matched,936
PAY1935,B1524,B1524,CARD,8542.82,0,0,0,0,0,0,0,1,0,0,0,0,0,uniquely_matched,937
PAY1936,B1580,B1580,UPI,4607.20,0,0,0,0,0,0,0,1,0,0,0,0,0,uniquely_matched,938
PAY1937,B1936,B1936,UPI,6127.38,0,0,0,0,0,0,0,1,0,0,0,0,0,uniquely_matched,939
PAY1938,B1844,B1844,NETBANKING,7078.61,0,0,0,0,0,0,0,1,0,0,0,0,0,uniquely_matched,940
PAY1939,B1768,B1768,NETBANKING,2835.70,0,0,0,0,0,0,0,1,0,0,0,0,0,uniquely_matched,941
PAY1940,B1088,B1088,UPI,7375.10,0,0,0,0,0,0,0,1,0,0,0,0,0,uniquely_matched,942
PAY1941,B1511,B1511,UPI,12346.57,0,0,0,0,0,0,0,1,0,0,0,0,0,uniquely_matched,943
PAY1942,B1046,B1046,UPI,12592.83,0,0,0,0,0,0,0,1,0,0,0,0,0,uniquely_matched,944
PAY1943,B1771,B1771,NETBANKING,6761.89,0,0,0,0,0,0,0,1,0,0,0,0,0,uniquely_matched,945
PAY1944,B1739,B1739,UPI,8263.32,0,0,0,0,0,0,0,1,0,0,0,0,0,uniquely_matched,946
PAY1945,B1958,B1958,NETBANKING,1471.10,0,0,0,0,0,0,0,1,0,0,0,0,0,uniquely_matched,947
PAY1946,B1691,B1691,UPI,10442.06,0,0,0,0,0,0,0,1,0,0,0,0,0,uniquely_matched,948
PAY1947,B1521,B1521,CARD,6664.48,0,0,0,0,0,0,0,1,0,0,0,0,0,uniquely_matched,949
PAY1948,B1283,B1283,CARD,7236.69,0,0,0,0,0,0,0,1,0,0,0,0,0,uniquely_matched,950
PAY1949,B1376,B1376,UPI,,1,0,0,0,0,0,0,0,0,0,0,0,0,uniquely_matched,951
PAY1950,B1637,B1637,CARD,7465.68,0,0,0,0,0,0,0,1,0,0,0,0,0,uniquely_matched,952
PAY1951,B1133,B1133,NETBANKING,1296.69,0,0,0,0,0,0,0,1,0,0,0,0,0,uniquely_matched,953
PAY1952,B1666,B1666,CARD,4184.87,0,0,0,0,0,0,0,1,0,0,0,0,0,uniquely_matched,954
PAY1953,B1247,B1247,CARD,7658.69,0,0,0,0,0,0,0,1,0,0,0,0,0,uniquely_matched,955
PAY1954,B1651,B1651,NETBANKING,6941.55,0,0,0,0,0,0,0,1,0,0,0,0,0,uniquely_matched,956
PAY1955,B1317,B1317,CARD,13045.18,0,0,0,0,0,0,0,1,0,0,0,0,0,uniquely_matched,957
PAY1956,B1435,B1435,CARD,8589.93,0,0,0,0,0,0,0,1,0,0,0,0,0,uniquely_matched,958
PAY1957,B1175,B1175,UPI,10654.90,0,0,0,0,0,0,0,1,0,0,0,0,0,uniquely_matched,959
PAY1958,B1834,B1834,NETBANKING,7570.53,0,0,0,0,0,0,0,1,0,0,0,0,0,uniquely_matched,960
PAY1959,B1685,B1685,NETBANKING,7155.18,0,0,0,0,0,0,0,1,0,0,0,0,0,uniquely_matched,961
PAY1960,B1992,B1992,UPI,7248.01,0,0,0,0,0,0,0,1,0,0,0,0,0,uniquely_matched,962
PAY1961,B1585,B1585,UPI,,1,0,0,0,0,0,0,0,0,0,0,0,0,uniquely_matched,963
PAY1962,B1350,B1350,CARD,8540.17,0,0,0,0,0,0,0,1,0,0,0,0,0,uniquely_matched,964
PAY1963,B1142,B1142,CARD,4506.21,0,0,0,0,0,0,0,1,0,0,0,0,0,uniquely_matched,965
PAY1964,B1966,B1966,CARD,13474.77,0,0,0,0,0,0,0,1,0,0,0,0,0,uniquely_matched,966
PAY1965,B1803,B1803,UPI,5663.20,0,0,0,0,0,0,0,1,0,0,0,0,0,uniquely_matched,967
PAY1966,B1397,B1397,NETBANKING,3065.33,0,0,0,0,0,0,0,1,0,0,0,0,0,uniquely_matched,968
PAY1967,B1623,B1623,CARD,2351.71,0,0,0,0,0,0,0,1,0,0,0,0,0,uniquely_matched,969
PAY1968,B1717,B1717,UPI,1187.92,0,0,0,0,0,0,0,1,0,0,0,0,0,uniquely_matched,970
PAY1969,B1642,B1642,NETBANKING,6919.99,0,0,0,0,0,0,0,1,0,0,0,0,0,uniquely_matched,971
PAY1970,B1368,B1368,UPI,3626.55,0,0,0,0,0,0,0,1,0,0,0,0,0,uniquely_matched,972
PAY1971,B1500,B1500,CARD,1303.07,0,0,0,0,0,0,0,1,0,0,0,0,0,uniquely_matched,973
PAY1972,B1621,B1621,UPI,8280.27,0,0,0,0,0,0,0,1,0,0,0,0,0,uniquely_matched,974
PAY1973,B1369,B1369,UPI,10519.70,0,0,0,0,0,0,0,1,0,0,0,0,0,uniquely_matched,975
PAY1974,B1578,B1578,UPI,2200.51,0,0,0,0,0,0,0,1,0,0,0,0,0,uniquely_matched,976
PAY1975,B1381,B1381,UPI,7452.89,0,0,0,0,0,0,0,1,0,0,0,0,0,uniquely_matched,977
PAY1976,B1085,B1085,NETBANKING,11410.80,0,0,0,0,0,0,0,1,0,0,0,0,0,uniquely_matched,978
PAY1977,B1786,B1786,CARD,14801.30,0,0,0,0,0,0,0,1,0,0,0,0,0,uniquely_matched,979
PAY1978,B1738,B1738,NETBANKING,10340.66,0,0,0,0,0,0,0,1,0,0,0,0,0,uniquely_matched,980
PAY1979,B1459,B1459,UPI,4427.75,0,0,0,0,0,0,0,1,0,0,0,0,0,uniquely_matched,981
PAY1980,B1949,B1949,UPI,11031.75,0,0,0,0,0,0,0,1,0,0,0,0,0,uniquely_matched,982
PAY1981,B1324,B1324,CARD,,0,0,1,0,0,0,0,0,0,0,0,0,0,uniquely_matched,983
PAY1982,B1521,B1521,CARD,3965.19,0,0,0,0,0,0,0,1,0,0,0,0,0,uniquely_matched,984
PAY1983,B1488,B1488,NETBANKING,12915.55,0,0,0,0,0,0,0,1,0,0,0,0,0,uniquely_matched,985
PAY1984,B1928,B1928,NETBANKING,6983.66,0,0,0,0,0,0,0,1,0,0,0,0,0,uniquely_matched,986
PAY1985,B1396,B1396,CARD,14467.69,0,0,0,0,0,0,0,1,0,0,0,0,0,uniquely_matched,987
PAY1986,B1895,B1895,NETBANKING,11120.61,0,0,0,0,0,0,0,1,0,0,0,0,0,uniquely_matched,988
PAY1987,B1354,B1354,UPI,10023.88,0,0,0,0,0,0,0,1,0,0,0,0,0,uniquely_matched,989
PAY1988,B1946,B1946,UPI,11196.94,0,0,0,0,0,0,0,1,0,0,0,0,0,uniquely_matched,990
PAY1989,B1287,B1287,CARD,7693.36,0,0,0,0,0,0,0,1,0,0,0,0,0,uniquely_matched,991
PAY1990,B1458,B1458,NETBANKING,8073.17,0,0,0,0,0,0,0,1,0,0,0,0,0,uniquely_matched,992
PAY1991,B1623,B1623,UPI,12916.90,0,0,0,0,0,0,0,1,0,0,0,0,0,uniquely_matched,993
PAY1992,B1997,B1997,CARD,,1,0,0,0,0,0,0,0,0,0,0,0,0,uniquely_matched,994
PAY1993,B1535,B1535,NETBANKING,13561.41,0,0,0,0,0,0,0,1,0,0,0,0,0,uniquely_matched,995
PAY1994,B1290,B1290,UPI,13471.57,0,0,0,0,0,0,0,1,0,0,0,0,0,uniquely_matched,996
PAY1995,B1850,B1850,NETBANKING,14670.86,0,0,0,0,0,0,0,1,0,0,0,0,0,uniquely_matched,997
PAY1996,B1837,B1837,NETBANKING,10803.01,0,0,0,0,0,0,0,1,0,0,0,0,0,uniquely_matched,998
PAY1997,B1167,B1167,NETBANKING,8032.22,0,0,0,0,0,0,0,1,0,0,0,0,0,uniquely_matched,999
PAY1998,B1949,B1949,CARD,3328.36,0,0,0,0,0,0,0,1,0,0,0,0,0,uniquely_matched,1000
PAY1999,B1620,B1620,UPI,10875.33,0,0,0,0,0,0,0,1,0,0,0,0,0,uniquely_matched,1001
